SYS,SYS,SYS,SYS,SYS,USERDEF,USERDEF,USERDEF,USERDEF,PORO,PORO,PORO,PORO,PORO,PORO,PORO,PORO,PORO,PORO,PORO,PORO,PORO,FLUORO,FLUORO,FLUORO,FLUORO,FLUORO,FLUORO,FLUORO,FLUORO,FLUORO,FLUORO,FLUORO,SENSOR,SENSOR,SENSOR,SENSOR,SENSOR,SENSOR,SENSOR,SENSOR,SENSOR,SENSOR,SENSOR,MATCH,MATCH,MATCH,MATCH,STABILITY,STABILITY,STABILITY,STABILITY,STABILITY,STABILITY,P_CONFIG,P_CONFIG,P_CONFIG,P_CONFIG,P_CONFIG,P_CONFIG,P_CONFIG,P_CONFIG,P_CONFIG,P_CONFIG,P_CONFIG,FL_CONFIG,FL_CONFIG,FL_CONFIG,FL_CONFIG,FL_CONFIG,FL_CONFIG,FL_CONFIG,FL_CONFIG,FL_CONFIG,FL_CONFIG,FL_CONFIG,FL_CONFIG,FL_CONFIG,FL_CONFIG,FL_CONFIG,SENSOR_V,SENSOR_V,SENSOR_V,SENSOR_V,SENSOR_V,SENSOR_V,SENSOR_V,SENSOR_V,SENSOR_V,SENSOR_V,USERCAL,USERCAL,USERCAL,USERCAL,USERCAL,USERCAL,USERCAL,USERCAL,USERCAL,USERCAL,META,META,META,META,META,META,META
Obs#,Time,Date,configName,configAuthor,remark,Observation,,,gsw,gbw,gtw,E_apparent,VPcham,VPref,VPleaf,VPDleaf,H2O_r,H2O_s,H2O_leaf,leaf_area,leaf_width,flashID,Fo,Fm,Fv/Fm,Fs,Fm',PhiPS2,PS2/1,abs,ETR,TRANS,rh_s,rh_r,Tref,Tmeas,Tleaf,P_atm,flow,flow_s,leak_pct,Qamb,batt,match_time,match_date,rh_adj,type,gsw1sec,gsw2sec,gsw4sec,flr1sec,flr2sec,flr4sec,auto,flow_set,gsw_limit,gsw_period,aw,Bla,Blb,Blc,Bld,Ble,chamber,dark,flash_type,flash_intensity,modrate,flr_limit,flr_period,P1_dur,P2_dur,P3_dur,P1_Fmax,P2_ramp,P2_slp,P3_Fmax,P3_Pred,P3_DeltaF,v_humA,v_humB,v_flowIn,v_flowOut,v_temp,v_irt,v_pres,v_par,v_F,i_LED,b_rhr,m_rhr,span_rhr,b_rhs,m_rhs,span_rhs,z_flowIn,z_flowOut,z_quantum,z_flr,flashId,lciSerNum,lcpSerNum,lcfSerNum,lcrhSerNum,version,configUpdatedAt
,HHMMSS,YYYYMMDD,,,,,,,mol+1m-2s-1,mol+1m-2s-1,mol+1m-2s-1,mmol+1m-2s-1,kPa,kPa,kPa,kPa,mmol+1mol-1,mmol+1mol-1,mmol+1mol-1,cm+2,mm,,,,,,,,,,umol+1m-2s-1,,%,%,C,C,C,kPa,umol+1sec-1,umol+1sec-1,%,umol+1m-2s-1,V,HHMMSS,YYYYMMDD,%,,,,,,,,,umol+1sec-1,(umol+1m-2s-1)s-1,s,,,,,,,,,,umol+1m-2s-1,Hz,s-1,s,ms,ms,ms,,%,,,,,V,V,V,V,V,V,V,V,V,A,,,,,,,,,,,,,,,,,
1,12:48:55,2025-01-23,Auto gsw+F,LI-COR Default,,001,,,0.045882,2.920943,0.045172,0.573025,0.720998,0.704502,2.007335,1.286337,6.855319,7.015834,19.532829,0.441786,7.500000,PSF-00238_20250123124855_87f,0.000000,0.000000,0.000000,98.502159,349.379761,0.718066,0.5,0.80,76.924126,1.000000,31.23,30.52,19.74,17.50,17.50,102.77,156.6,157.3,-0.5,268,4.124,12:48:40,2025-01-23,-0.47,1,0.003,0.003,-9999.000,0.208,0.656,-9999.000,1,150,0.005,2.000000,0.058905,0.000000,0.029230,0.000000,0.000000,-0.000068,standard,0,mpf,7000,500,5.000000,2.000000,300,300,300,335.152374,25,-9.745521,333.868866,335.419373,-1.550507,2.488780,2.436416,1.647826,0.933087,0.336740,-0.023699,0.065537,0.321276,98.502159,0.001002,2.433934,-0.000066,1.000000,2.383437,-0.000053,1.000000,0.601570,0.600478,0.107326,0.000000,PSF-00238_20250123124855_87f,PFA-00249,PSA-00261,PSF-00238,RHS-00257,3.0.0,2021-01-19T12:57:14.097Z
2,12:49:14,2025-01-23,Auto gsw+F,LI-COR Default,,002,,,0.098607,2.922378,0.095388,1.440080,0.794468,0.753089,2.322430,1.527962,7.328065,7.730711,22.598820,0.441786,7.500000,PSF-00238_20250123124914_d67,0.000000,0.000000,0.000000,75.570702,245.377228,0.692022,0.5,0.80,395.162994,1.000000,34.47,32.68,19.71,19.83,19.83,102.77,156.8,157.2,-0.2,1428,4.124,12:48:40,2025-01-23,-0.47,1,0.001,0.000,-9999.000,-0.229,-0.310,-9999.000,1,150,0.005,2.000000,0.058905,0.000000,0.029230,0.000000,0.000000,-0.000068,standard,0,mpf,7000,500,5.000000,2.000000,300,300,300,222.224945,25,-15.996371,221.826904,222.462540,-0.635635,2.492280,2.441180,1.649329,0.932641,0.337121,0.002589,0.068176,1.247762,75.570702,0.000988,2.433934,-0.000066,1.000000,2.383437,-0.000053,1.000000,0.601570,0.600478,0.107326,0.000000,PSF-00238_20250123124914_d67,PFA-00249,PSA-00261,PSF-00238,RHS-00257,3.0.0,2021-01-19T12:57:14.097Z
3,12:49:26,2025-01-23,Auto gsw+F,LI-COR Default,,003,,,0.034706,2.918538,0.034298,0.705897,0.764019,0.743671,2.841713,2.077694,7.237442,7.435470,27.655699,0.441786,7.500000,PSF-00238_20250123124926_7c5,0.000000,0.000000,0.000000,54.983498,114.131660,0.518245,0.5,0.80,306.883820,1.000000,33.18,32.30,19.69,23.13,23.13,102.75,156.3,154.4,1.2,1480,4.123,12:48:40,2025-01-23,-0.47,1,-0.001,-0.001,-9999.000,0.349,0.940,-9999.000,1,150,0.005,2.000000,0.058905,0.000000,0.029230,0.000000,0.000000,-0.000068,standard,0,mpf,7000,500,5.000000,2.000000,300,300,300,100.670456,25,-9.704695,100.326416,100.229752,0.096664,2.491668,2.439294,1.645320,0.925671,0.337302,0.040649,0.069795,1.289969,54.983498,0.000977,2.433934,-0.000066,1.000000,2.383437,-0.000053,1.000000,0.601570,0.600478,0.107326,0.000000,PSF-00238_20250123124926_7c5,PFA-00249,PSA-00261,PSF-00238,RHS-00257,3.0.0,2021-01-19T12:57:14.097Z
4,12:49:39,2025-01-23,Auto gsw+F,LI-COR Default,,004,,,0.068128,2.922060,0.066575,0.895247,0.810597,0.784874,2.172265,1.361668,7.638493,7.888826,21.140747,0.441786,7.500000,PSF-00238_20250123124939_f73,0.000000,0.000000,0.000000,96.057419,291.667572,0.670661,0.5,0.80,99.069405,1.000000,35.22,34.10,19.69,18.76,18.76,102.75,156.7,157.7,-0.6,369,4.123,12:48:40,2025-01-23,-0.47,1,0.003,0.003,-9999.000,-0.041,0.413,-9999.000,1,150,0.005,2.000000,0.058905,0.000000,0.029230,0.000000,0.000000,-0.000068,standard,0,mpf,7000,500,5.000000,2.000000,300,300,300,275.645599,25,-11.180767,274.796967,275.651215,-0.854248,2.494557,2.442259,1.648996,0.933994,0.337376,-0.009243,0.071481,0.402346,96.057419,0.000999,2.433934,-0.000066,1.000000,2.383437,-0.000053,1.000000,0.601570,0.600478,0.107326,0.000000,PSF-00238_20250123124939_f73,PFA-00249,PSA-00261,PSF-00238,RHS-00257,3.0.0,2021-01-19T12:57:14.097Z
5,12:49:48,2025-01-23,Auto gsw+F,LI-COR Default,,005,,,0.034564,2.919629,0.034160,0.687385,0.787463,0.767671,2.818781,2.031319,7.471247,7.663871,27.433395,0.441786,7.500000,PSF-00238_20250123124948_530,0.000000,0.000000,0.000000,56.557060,119.740311,0.527669,0.5,0.80,354.951385,1.000000,34.23,33.37,19.68,22.99,22.99,102.75,156.4,145.0,7.3,1682,4.122,12:48:40,2025-01-23,-0.47,1,0.000,-0.001,-9999.000,0.621,1.382,-9999.000,1,150,0.005,2.000000,0.058905,0.000000,0.029230,0.000000,0.000000,-0.000068,standard,0,mpf,7000,500,5.000000,2.000000,300,300,300,104.654785,25,-10.683601,103.517891,104.436127,-0.918236,2.493396,2.440832,1.646455,0.902277,0.337511,0.039256,0.072731,1.450778,56.557060,0.000983,2.433934,-0.000066,1.000000,2.383437,-0.000053,1.000000,0.601570,0.600478,0.107326,0.000000,PSF-00238_20250123124948_530,PFA-00249,PSA-00261,PSF-00238,RHS-00257,3.0.0,2021-01-19T12:57:14.097Z
6,12:49:57,2025-01-23,Auto gsw+F,LI-COR Default,,006,,,0.035921,2.921669,0.035485,0.956331,0.793785,0.766294,3.505188,2.711402,7.457375,7.724916,34.111588,0.441786,7.500000,PSF-00238_20250123124957_7de,0.000000,0.000000,0.000000,62.109947,96.457520,0.356090,0.5,0.80,249.047928,1.000000,34.50,33.30,19.68,26.64,26.64,102.76,156.7,157.6,-0.6,1748,4.093,12:48:40,2025-01-23,-0.47,1,-0.001,-0.002,-9999.000,-0.005,0.246,-9999.000,1,150,0.005,2.000000,0.058905,0.000000,0.029230,0.000000,0.000000,-0.000068,standard,0,mpf,7000,500,5.000000,2.000000,300,300,300,87.249039,25,-6.676344,85.235596,86.893707,-1.658112,2.493288,2.441220,1.648586,0.933818,0.337463,0.082936,0.073833,1.504137,62.109947,0.000986,2.433934,-0.000066,1.000000,2.383437,-0.000053,1.000000,0.601570,0.600478,0.107326,0.000000,PSF-00238_20250123124957_7de,PFA-00249,PSA-00261,PSF-00238,RHS-00257,3.0.0,2021-01-19T12:57:14.097Z
7,12:50:05,2025-01-23,Auto gsw+F,LI-COR Default,,007,,,0.047357,2.920601,0.046601,0.640055,0.776101,0.757682,2.167290,1.391189,7.373209,7.552452,21.090487,0.441786,7.500000,PSF-00238_20250123125005_001,0.000000,0.000000,0.000000,102.882385,372.256805,0.723625,0.5,0.80,46.741245,1.000000,33.70,32.90,19.69,18.72,18.72,102.76,156.6,157.9,-0.8,161,4.121,12:48:40,2025-01-23,-0.47,1,-0.000,0.001,-9999.000,0.764,1.766,-9999.000,1,150,0.005,2.000000,0.058905,0.000000,0.029230,0.000000,0.000000,-0.000068,standard,0,mpf,7000,500,5.000000,2.000000,300,300,300,360.389099,25,-8.096167,360.632660,360.659119,-0.026459,2.492646,2.440061,1.647470,0.934404,0.337299,-0.009717,0.074926,0.236329,102.882385,0.000996,2.433934,-0.000066,1.000000,2.383437,-0.000053,1.000000,0.601570,0.600478,0.107326,0.000000,PSF-00238_20250123125005_001,PFA-00249,PSA-00261,PSF-00238,RHS-00257,3.0.0,2021-01-19T12:57:14.097Z
8,12:50:45,2025-01-23,Auto gsw+F,LI-COR Default,,008,,,0.121850,2.922237,0.116972,1.926071,0.794562,0.739215,2.459871,1.665309,7.193379,7.731966,23.937262,0.441786,7.500000,PSF-00238_20250123125045_839,0.000000,0.000000,0.000000,79.621552,221.700485,0.640860,0.5,0.80,329.073059,1.000000,34.62,32.21,19.64,20.76,20.76,102.76,156.8,156.6,0.1,1284,4.120,12:48:40,2025-01-23,-0.47,1,-0.002,-0.002,-9999.000,0.369,0.681,-9999.000,1,150,0.005,2.000000,0.058905,0.000000,0.029230,0.000000,0.000000,-0.000068,standard,0,mpf,7000,500,5.000000,2.000000,300,300,300,202.232834,25,-13.831708,200.304504,201.886658,-1.582153,2.491533,2.441401,1.649182,0.931255,0.338005,0.013889,0.080508,1.132846,79.621552,0.000990,2.433934,-0.000066,1.000000,2.383437,-0.000053,1.000000,0.601570,0.600478,0.107326,0.000000,PSF-00238_20250123125045_839,PFA-00249,PSA-00261,PSF-00238,RHS-00257,3.0.0,2021-01-19T12:57:14.097Z
9,12:51:17,2025-01-23,Auto gsw+F,LI-COR Default,,009,,,0.122417,2.919921,0.117491,1.603808,0.791214,0.745046,2.173626,1.382412,7.250734,7.700043,21.153585,0.441786,7.500000,PSF-00238_20250123125117_ab3,0.000000,0.000000,0.000000,84.797501,244.497726,0.653177,0.5,0.80,226.164871,1.000000,34.58,32.57,19.59,18.77,18.77,102.75,156.5,157.0,-0.3,866,4.119,12:48:40,2025-01-23,-0.47,1,-0.000,-0.002,-9999.000,0.122,0.895,-9999.000,1,150,0.005,2.000000,0.058905,0.000000,0.029230,0.000000,0.000000,-0.000068,standard,0,mpf,7000,500,5.000000,2.000000,300,300,300,220.443253,25,-17.377184,218.310715,219.605042,-1.294327,2.492122,2.441362,1.646760,0.932287,0.338716,-0.008016,0.084865,0.798853,84.797501,0.001012,2.433934,-0.000066,1.000000,2.383437,-0.000053,1.000000,0.601570,0.600478,0.107326,0.000000,PSF-00238_20250123125117_ab3,PFA-00249,PSA-00261,PSF-00238,RHS-00257,3.0.0,2021-01-19T12:57:14.097Z
10,12:51:35,2025-01-23,Auto gsw+F,LI-COR Default,,010,,,0.064176,2.921654,0.062797,1.505621,0.795025,0.751743,3.210724,2.415699,7.315719,7.736928,31.245722,0.441786,7.500000,PSF-00238_20250123125135_4f9,0.000000,0.000000,0.000000,82.129242,138.858597,0.408540,0.5,0.80,301.577393,1.000000,34.81,32.91,19.57,25.16,25.16,102.76,156.7,157.2,-0.4,1845,4.119,12:48:40,2025-01-23,-0.47,1,-0.000,-0.001,-9999.000,-0.459,0.220,-9999.000,1,150,0.005,2.000000,0.058905,0.000000,0.029230,0.000000,0.000000,-0.000068,standard,0,mpf,7000,500,5.000000,2.000000,300,300,300,123.926636,25,-11.000227,120.682953,123.100853,-2.417900,2.492681,2.441689,1.648571,0.932855,0.339061,0.066304,0.087214,1.581601,82.129242,0.000988,2.433934,-0.000066,1.000000,2.383437,-0.000053,1.000000,0.601570,0.600478,0.107326,0.000000,PSF-00238_20250123125135_4f9,PFA-00249,PSA-00261,PSF-00238,RHS-00257,3.0.0,2021-01-19T12:57:14.097Z
11,12:51:46,2025-01-23,Auto gsw+F,LI-COR Default,,011,,,0.036733,2.919638,0.036277,0.785215,0.764951,0.742335,2.949005,2.184055,7.224021,7.444107,28.698200,0.441786,7.500000,PSF-00238_20250123125146_a09,0.000000,0.000000,0.000000,60.765625,119.984047,0.493552,0.5,0.80,348.979797,1.000000,33.49,32.50,19.57,23.74,23.74,102.76,156.4,155.9,0.4,1768,4.119,12:48:40,2025-01-23,-0.47,1,0.001,0.001,-9999.000,0.126,-0.817,-9999.000,1,150,0.005,2.000000,0.058905,0.000000,0.029230,0.000000,0.000000,-0.000068,standard,0,mpf,7000,500,5.000000,2.000000,300,300,300,107.402443,25,-8.791109,106.116417,107.390846,-1.274429,2.492018,2.439769,1.646464,0.929328,0.339057,0.049363,0.088601,1.519479,60.765625,0.000977,2.433934,-0.000066,1.000000,2.383437,-0.000053,1.000000,0.601570,0.600478,0.107326,0.000000,PSF-00238_20250123125146_a09,PFA-00249,PSA-00261,PSF-00238,RHS-00257,3.0.0,2021-01-19T12:57:14.097Z
12,12:52:14,2025-01-23,Auto gsw+F,LI-COR Default,,012,,,0.086863,2.917821,0.084352,1.595301,0.838279,0.792292,2.748048,1.909770,7.709182,8.156643,26.739141,0.441786,7.500000,PSF-00238_20250123125214_9ab,0.000000,0.000000,0.000000,94.641922,159.462540,0.406494,0.5,0.80,290.837708,1.000000,36.73,34.71,19.55,22.58,22.58,102.77,156.2,151.8,2.8,1789,4.118,12:48:40,2025-01-23,-0.47,1,-0.002,-0.002,-9999.000,-2.183,-3.625,-9999.000,1,150,0.005,2.000000,0.058905,0.000000,0.029230,0.000000,0.000000,-0.000068,standard,0,mpf,7000,500,5.000000,2.000000,300,300,300,148.111938,25,-7.894761,148.194199,148.153351,0.040848,2.495567,2.444472,1.644576,0.919170,0.339239,0.035814,0.092222,1.536256,94.641922,0.000994,2.433934,-0.000066,1.000000,2.383437,-0.000053,1.000000,0.601570,0.600478,0.107326,0.000000,PSF-00238_20250123125214_9ab,PFA-00249,PSA-00261,PSF-00238,RHS-00257,3.0.0,2021-01-19T12:57:14.097Z
13,12:52:36,2025-01-23,Auto gsw+F,LI-COR Default,,013,,,0.059433,2.923004,0.058248,0.811680,0.781439,0.758127,2.192636,1.411197,7.377754,7.604616,21.337755,0.441786,7.500000,PSF-00238_20250123125236_36f,0.000000,0.000000,0.000000,90.421555,278.384491,0.675192,0.5,0.80,169.074188,1.000000,34.29,33.27,19.53,18.91,18.91,102.76,156.9,153.0,2.4,626,4.117,12:48:40,2025-01-23,-0.47,1,-0.002,-0.002,-9999.000,-0.298,-0.629,-9999.000,1,150,0.005,2.000000,0.058905,0.000000,0.029230,0.000000,0.000000,-0.000068,standard,0,mpf,7000,500,5.000000,2.000000,300,300,300,266.824707,25,-7.843956,268.781311,267.148071,1.633240,2.493258,2.440944,1.649986,0.922253,0.339558,-0.005761,0.095041,0.607435,90.421555,0.001003,2.433934,-0.000066,1.000000,2.383437,-0.000053,1.000000,0.601570,0.600478,0.107326,0.000000,PSF-00238_20250123125236_36f,PFA-00249,PSA-00261,PSF-00238,RHS-00257,3.0.0,2021-01-19T12:57:14.097Z
14,12:54:15,2025-01-23,Auto gsw+F,LI-COR Default,,014,,,0.110440,2.922642,0.106419,1.804841,0.797449,0.745596,2.512499,1.715050,7.254343,7.758855,24.445585,0.441786,7.500000,PSF-00238_20250123125415_cf0,0.000000,0.000000,0.000000,81.197617,229.383514,0.646018,0.5,0.80,207.059723,1.000000,35.08,32.80,19.49,21.11,21.11,102.78,156.8,155.8,0.6,801,4.115,12:48:40,2025-01-23,-0.47,1,0.000,-0.001,-9999.000,0.597,0.672,-9999.000,1,150,0.005,2.000000,0.058905,0.000000,0.029230,0.000000,0.000000,-0.000068,standard,0,mpf,7000,500,5.000000,2.000000,300,300,300,209.671143,25,-13.541392,207.580811,209.985565,-2.404755,2.492522,2.442107,1.649607,0.929298,0.340135,0.019604,0.107307,0.747452,81.197617,0.001025,2.433934,-0.000066,1.000000,2.383437,-0.000053,1.000000,0.601570,0.600478,0.107326,0.000000,PSF-00238_20250123125415_cf0,PFA-00249,PSA-00261,PSF-00238,RHS-00257,3.0.0,2021-01-19T12:57:14.097Z
15,12:54:41,2025-01-23,Auto gsw+F,LI-COR Default,,015,,,0.099588,2.920484,0.096304,1.668795,0.809348,0.761324,2.561245,1.751898,7.406958,7.874183,24.918474,0.441786,7.500000,PSF-00238_20250123125441_a4e,0.000000,0.000000,0.000000,109.614372,211.480621,0.481681,0.5,0.80,311.065399,1.000000,35.62,33.50,19.48,21.42,21.42,102.79,156.6,156.7,-0.1,1614,4.114,12:48:40,2025-01-23,-0.47,1,0.000,-0.001,-0.001,-1.790,-4.344,-10.824,1,150,0.005,2.000000,0.058905,0.000000,0.029230,0.000000,0.000000,-0.000068,standard,0,mpf,7000,500,5.000000,2.000000,300,300,300,199.142212,25,-8.557042,199.110031,199.222717,-0.112686,2.493647,2.442880,1.647347,0.931399,0.340192,0.023248,0.110428,1.397079,109.614372,0.000984,2.433934,-0.000066,1.000000,2.383437,-0.000053,1.000000,0.601570,0.600478,0.107326,0.000000,PSF-00238_20250123125441_a4e,PFA-00249,PSA-00261,PSF-00238,RHS-00257,3.0.0,2021-01-19T12:57:14.097Z
16,12:55:03,2025-01-23,Auto gsw+F,LI-COR Default,,016,,,0.085292,2.919771,0.082871,1.653619,0.838823,0.791224,2.852940,2.014117,7.697944,8.161048,27.756723,0.441786,7.500000,PSF-00238_20250123125503_00c,0.000000,0.000000,0.000000,71.517708,117.355598,0.390590,0.5,0.80,296.994171,1.000000,36.92,34.83,19.48,23.19,23.19,102.78,156.5,157.5,-0.6,1901,4.113,12:48:40,2025-01-23,-0.47,1,-0.002,-0.004,-9999.000,0.526,1.210,-9999.000,1,150,0.005,2.000000,0.058905,0.000000,0.029230,0.000000,0.000000,-0.000068,standard,0,mpf,7000,500,5.000000,2.000000,300,300,300,106.485840,25,-7.562713,105.643631,106.522064,-0.878433,2.495764,2.444767,1.646603,0.933407,0.340256,0.043901,0.113081,1.625920,71.517708,0.000981,2.433934,-0.000066,1.000000,2.383437,-0.000053,1.000000,0.601570,0.600478,0.107326,0.000000,PSF-00238_20250123125503_00c,PFA-00249,PSA-00261,PSF-00238,RHS-00257,3.0.0,2021-01-19T12:57:14.097Z
17,12:55:26,2025-01-23,Auto gsw+F,LI-COR Default,,017,,,0.158826,2.922361,0.150639,2.310739,0.887209,0.820857,2.438475,1.551266,7.985672,8.631174,23.722597,0.441786,7.500000,PSF-00238_20250123125526_770,0.000000,0.000000,0.000000,94.475983,335.162048,0.718118,0.5,0.80,273.763611,1.000000,39.03,36.11,19.49,20.62,20.62,102.79,156.8,146.3,6.7,953,4.112,12:48:40,2025-01-23,-0.47,1,-0.001,-0.001,-9999.000,0.109,0.217,-9999.000,1,150,0.005,2.000000,0.058905,0.000000,0.029230,0.000000,0.000000,-0.000068,standard,0,mpf,7000,500,5.000000,2.000000,300,300,300,319.772247,25,-10.587435,325.233215,319.995636,5.237579,2.497797,2.447778,1.649312,0.905562,0.340123,0.014039,0.115826,0.868693,94.475983,0.001020,2.433934,-0.000066,1.000000,2.383437,-0.000053,1.000000,0.601570,0.600478,0.107326,0.000000,PSF-00238_20250123125526_770,PFA-00249,PSA-00261,PSF-00238,RHS-00257,3.0.0,2021-01-19T12:57:14.097Z
18,12:56:00,2025-01-23,Auto gsw+F,LI-COR Default,,018,,,0.137726,2.922161,0.131527,1.997999,0.883419,0.826029,2.419981,1.536562,8.035089,8.593338,23.540039,0.441786,7.500000,PSF-00238_20250123125600_407,0.000000,0.000000,0.000000,68.321228,207.759262,0.671152,0.5,0.80,270.892120,1.000000,38.78,36.26,19.52,20.50,20.50,102.80,156.8,157.0,-0.1,1009,4.106,12:48:40,2025-01-23,-0.47,1,-0.002,-0.003,-9999.000,0.231,0.622,-9999.000,1,150,0.005,2.000000,0.058905,0.000000,0.029230,0.000000,0.000000,-0.000068,standard,0,mpf,7000,500,5.000000,2.000000,300,300,300,186.666733,25,-14.495804,187.023636,186.994125,0.029510,2.498027,2.447415,1.649102,0.932185,0.339655,0.012243,0.119805,0.913428,68.321228,0.001025,2.433934,-0.000066,1.000000,2.383437,-0.000053,1.000000,0.601570,0.600478,0.107326,0.000000,PSF-00238_20250123125600_407,PFA-00249,PSA-00261,PSF-00238,RHS-00257,3.0.0,2021-01-19T12:57:14.097Z
19,13:00:49,2025-01-23,Auto gsw+F,LI-COR Default,,019,,,0.089343,2.921099,0.086691,1.416256,0.805187,0.764457,2.457367,1.652180,7.438979,7.835322,23.912786,0.441786,7.500000,PSF-00238_20250123130049_e13,0.000000,0.000000,0.000000,53.839802,112.300850,0.520575,0.5,0.80,350.049194,1.000000,34.40,32.66,19.96,20.75,20.75,102.76,156.6,152.2,2.8,1681,4.105,13:00:33,2025-01-23,-0.54,1,-0.001,0.000,-9999.000,0.137,0.288,-9999.000,1,150,0.005,2.000000,0.058905,0.000000,0.029230,0.000000,0.000000,-0.000068,standard,0,mpf,7000,500,5.000000,2.000000,300,300,300,101.462242,25,-7.511000,101.283073,101.541397,-0.258324,2.492198,2.441131,1.647990,0.920261,0.333735,0.010098,0.152062,1.450277,53.839802,0.001022,2.433934,-0.000066,1.000000,2.383437,-0.000053,1.000000,0.601570,0.600478,0.107326,0.000000,PSF-00238_20250123130049_e13,PFA-00249,PSA-00261,PSF-00238,RHS-00257,3.0.0,2021-01-19T12:57:14.097Z
20,13:01:01,2025-01-23,Auto gsw+F,LI-COR Default,,020,,,0.038895,2.920824,0.038384,0.790990,0.816164,0.793415,2.895530,2.079366,7.721083,7.942468,28.177736,0.441786,7.500000,PSF-00238_20250123130101_c65,0.000000,0.000000,0.000000,66.628220,178.100037,0.625894,0.5,0.80,366.300476,1.000000,34.82,33.85,19.98,23.44,23.44,102.76,156.6,157.6,-0.7,1463,4.105,13:00:33,2025-01-23,-0.54,1,-0.000,0.001,-9999.000,0.635,1.405,-9999.000,1,150,0.005,2.000000,0.058905,0.000000,0.029230,0.000000,0.000000,-0.000068,standard,0,mpf,7000,500,5.000000,2.000000,300,300,300,157.546875,25,-15.040145,158.263916,156.555130,1.708786,2.494106,2.441743,1.647702,0.933860,0.333458,0.041021,0.153270,1.276155,66.628220,0.001010,2.433934,-0.000066,1.000000,2.383437,-0.000053,1.000000,0.601570,0.600478,0.107326,0.000000,PSF-00238_20250123130101_c65,PFA-00249,PSA-00261,PSF-00238,RHS-00257,3.0.0,2021-01-19T12:57:14.097Z
1,13:04:16,2025-01-23,Auto gsw+F,LI-COR Default,,001,,,0.103034,2.921067,0.099523,1.480976,0.841963,0.799395,2.347141,1.505178,7.780435,8.194750,22.844503,0.441786,7.500000,PSF-00238_20250123130416_7e5,0.000000,0.000000,0.000000,103.371620,203.973343,0.493210,0.5,0.80,288.385681,1.000000,35.91,34.09,19.99,20.00,20.00,102.74,156.6,157.2,-0.4,1462,4.100,13:00:33,2025-01-23,-0.54,1,0.000,0.001,-9999.000,-2.365,-2.014,-9999.000,1,150,0.005,2.000000,0.058905,0.000000,0.029230,0.000000,0.000000,-0.000068,standard,0,mpf,7000,500,5.000000,2.000000,300,300,300,195.913193,25,-5.470628,196.490051,196.136703,0.353348,2.494484,2.443307,1.647957,0.932724,0.333347,0.001334,0.173689,1.275094,103.371620,0.001008,2.433934,-0.000066,1.000000,2.383437,-0.000053,1.000000,0.601570,0.600478,0.107326,0.000000,PSF-00238_20250123130416_7e5,PFA-00249,PSA-00261,PSF-00238,RHS-00257,3.0.0,2021-01-19T12:57:14.097Z
2,13:04:24,2025-01-23,Auto gsw+F,LI-COR Default,,002,,,0.092895,2.919939,0.090030,1.343825,0.829043,0.790375,2.339062,1.510019,7.692310,8.068640,22.764870,0.441786,7.500000,PSF-00238_20250123130424_165,0.000000,0.000000,0.000000,101.587769,225.950668,0.550398,0.5,0.80,334.182800,1.000000,35.37,33.72,19.98,19.95,19.95,102.75,156.5,157.4,-0.6,1518,4.100,13:00:33,2025-01-23,-0.54,1,-0.001,-0.001,-9999.000,1.207,1.099,-9999.000,1,150,0.005,2.000000,0.058905,0.000000,0.029230,0.000000,0.000000,-0.000068,standard,0,mpf,7000,500,5.000000,2.000000,300,300,300,215.305206,25,-7.366750,214.644669,215.397858,-0.753189,2.493897,2.442537,1.646778,0.933277,0.333452,0.000794,0.174349,1.319937,101.587769,0.001007,2.433934,-0.000066,1.000000,2.383437,-0.000053,1.000000,0.601570,0.600478,0.107326,0.000000,PSF-00238_20250123130424_165,PFA-00249,PSA-00261,PSF-00238,RHS-00257,3.0.0,2021-01-19T12:57:14.097Z
3,13:04:39,2025-01-23,Auto gsw+F,LI-COR Default,,003,,,0.139923,2.922019,0.133529,1.825841,0.867382,0.814948,2.251104,1.383722,7.930983,8.441266,21.907488,0.441786,7.500000,PSF-00238_20250123130439_b43,0.000000,0.000000,0.000000,76.372505,164.262405,0.535058,0.5,0.80,318.027405,1.000000,37.03,34.79,19.97,19.33,19.33,102.75,156.7,157.6,-0.5,1486,4.100,13:00:33,2025-01-23,-0.54,1,0.003,0.003,-9999.000,-0.314,-0.361,-9999.000,1,150,0.005,2.000000,0.058905,0.000000,0.029230,0.000000,0.000000,-0.000068,standard,0,mpf,7000,500,5.000000,2.000000,300,300,300,156.394958,25,-5.312769,157.790070,156.651901,1.138168,2.495606,2.444930,1.648953,0.933624,0.333591,-0.006034,0.175826,1.294402,76.372505,0.001010,2.433934,-0.000066,1.000000,2.383437,-0.000053,1.000000,0.601570,0.600478,0.107326,0.000000,PSF-00238_20250123130439_b43,PFA-00249,PSA-00261,PSF-00238,RHS-00257,3.0.0,2021-01-19T12:57:14.097Z
4,13:04:47,2025-01-23,Auto gsw+F,LI-COR Default,,004,,,0.042043,2.921770,0.041446,0.865365,0.845709,0.820845,2.951697,2.105988,7.987670,8.229621,28.723063,0.441786,7.500000,PSF-00238_20250123130447_3a1,0.000000,0.000000,0.000000,54.244637,90.106247,0.397992,0.5,0.80,287.691925,1.000000,36.12,35.06,19.96,23.76,23.76,102.76,156.7,157.3,-0.4,1807,4.099,13:00:33,2025-01-23,-0.54,1,-0.001,0.000,-9999.000,0.929,1.216,-9999.000,1,150,0.005,2.000000,0.058905,0.000000,0.029230,0.000000,0.000000,-0.000068,standard,0,mpf,7000,500,5.000000,2.000000,300,300,300,83.421349,25,-4.624631,83.907364,83.481499,0.425865,2.496029,2.443621,1.648692,0.933104,0.333676,0.044965,0.176586,1.550995,54.244637,0.001028,2.433934,-0.000066,1.000000,2.383437,-0.000053,1.000000,0.601570,0.600478,0.107326,0.000000,PSF-00238_20250123130447_3a1,PFA-00249,PSA-00261,PSF-00238,RHS-00257,3.0.0,2021-01-19T12:57:14.097Z
5,13:04:59,2025-01-23,Auto gsw+F,LI-COR Default,,005,,,0.096246,2.920218,0.093175,1.245046,0.831370,0.795550,2.184301,1.352931,7.742074,8.090657,21.257004,0.441786,7.500000,PSF-00238_20250123130459_71e,0.000000,0.000000,0.000000,80.371498,184.285507,0.563875,0.5,0.80,304.622131,1.000000,35.48,33.96,19.97,18.85,18.85,102.76,156.5,157.7,-0.8,1351,4.084,13:00:33,2025-01-23,-0.54,1,0.001,0.000,-9999.000,0.460,0.542,-9999.000,1,150,0.005,2.000000,0.058905,0.000000,0.029230,0.000000,0.000000,-0.000068,standard,0,mpf,7000,500,5.000000,2.000000,300,300,300,176.100616,25,-5.535042,175.795563,176.356598,-0.561035,2.494270,2.442700,1.647069,0.933977,0.333529,-0.011492,0.177677,1.186256,80.371498,0.001022,2.433934,-0.000066,1.000000,2.383437,-0.000053,1.000000,0.601570,0.600478,0.107326,0.000000,PSF-00238_20250123130459_71e,PFA-00249,PSA-00261,PSF-00238,RHS-00257,3.0.0,2021-01-19T12:57:14.097Z
1,13:10:41,2025-01-23,Auto gsw+F,LI-COR Default,,001,,,0.046161,2.918203,0.045442,1.033424,0.799228,0.769443,3.091604,2.292376,7.488701,7.778586,30.089411,0.441786,7.500000,PSF-00238_20250123131041_350,0.000000,0.000000,0.000000,63.812256,96.699501,0.340097,0.5,0.80,259.038483,1.000000,34.30,33.03,19.88,24.53,24.53,102.75,156.3,153.9,1.5,1904,4.091,13:00:33,2025-01-23,-0.54,1,0.001,0.002,-9999.000,0.069,0.288,-9999.000,1,150,0.005,2.000000,0.058905,0.000000,0.029230,0.000000,0.000000,-0.000068,standard,0,mpf,7000,500,5.000000,2.000000,300,300,300,88.072296,25,-6.097074,86.778404,87.965485,-1.187080,2.492801,2.441007,1.644972,0.924492,0.334742,0.055036,0.209397,1.628489,63.812256,0.000986,2.433934,-0.000066,1.000000,2.383437,-0.000053,1.000000,0.601570,0.600478,0.107326,0.000000,PSF-00238_20250123131041_350,PFA-00249,PSA-00261,PSF-00238,RHS-00257,3.0.0,2021-01-19T12:57:14.097Z
2,13:11:20,2025-01-23,Auto gsw+F,LI-COR Default,,002,,,0.049420,2.920089,0.048598,0.787107,0.797140,0.774493,2.434749,1.637609,7.539402,7.759869,23.701389,0.441786,7.500000,PSF-00238_20250123131120_668,0.000000,0.000000,0.000000,68.224312,141.709885,0.518564,0.5,0.80,294.771912,1.000000,34.13,33.16,19.92,20.60,20.60,102.73,156.5,157.8,-0.8,1421,4.090,13:11:09,2025-01-23,-0.51,1,0.001,0.003,-9999.000,1.223,0.607,-9999.000,1,150,0.005,2.000000,0.058905,0.000000,0.029230,0.000000,0.000000,-0.000068,standard,0,mpf,7000,500,5.000000,2.000000,300,300,300,133.706329,25,-5.467000,134.915833,133.878448,1.037384,2.493017,2.440714,1.646935,0.934269,0.334238,0.008816,0.213048,1.242595,68.224312,0.001011,2.433934,-0.000066,1.000000,2.383437,-0.000053,1.000000,0.601570,0.600478,0.107326,0.000000,PSF-00238_20250123131120_668,PFA-00249,PSA-00261,PSF-00238,RHS-00257,3.0.0,2021-01-19T12:57:14.097Z
3,13:12:19,2025-01-23,Auto gsw+F,LI-COR Default,,003,,,0.095021,2.919606,0.092026,1.998876,0.833266,0.775740,3.023077,2.189811,7.550202,8.110099,29.423326,0.441786,7.500000,PSF-00238_20250123131219_50d,0.000000,0.000000,0.000000,74.958084,135.732681,0.447752,0.5,0.80,345.405273,1.000000,35.78,33.31,19.88,24.16,24.16,102.74,156.4,148.4,5.1,1929,4.089,13:11:09,2025-01-23,-0.51,1,0.000,-0.000,-9999.000,0.057,0.694,-9999.000,1,150,0.005,2.000000,0.058905,0.000000,0.029230,0.000000,0.000000,-0.000068,standard,0,mpf,7000,500,5.000000,2.000000,300,300,300,119.846466,25,-11.087321,118.506432,119.850174,-1.343742,2.493253,2.443103,1.646432,0.910712,0.334816,0.050649,0.218702,1.647983,74.958084,0.001009,2.433934,-0.000066,1.000000,2.383437,-0.000053,1.000000,0.601570,0.600478,0.107326,0.000000,PSF-00238_20250123131219_50d,PFA-00249,PSA-00261,PSF-00238,RHS-00257,3.0.0,2021-01-19T12:57:14.097Z
4,13:12:31,2025-01-23,Auto gsw+F,LI-COR Default,,004,,,0.126357,2.921134,0.121118,2.140608,0.855587,0.794069,2.640562,1.784976,7.728601,8.327343,25.700340,0.441786,7.500000,PSF-00238_20250123131231_81c,0.000000,0.000000,0.000000,75.031044,122.132179,0.385657,0.5,0.80,294.002289,1.000000,36.75,34.11,19.87,21.92,21.92,102.74,156.6,157.9,-0.8,1906,4.089,13:11:09,2025-01-23,-0.51,1,-0.001,-0.000,-9999.000,0.058,0.227,-9999.000,1,150,0.005,2.000000,0.058905,0.000000,0.029230,0.000000,0.000000,-0.000068,standard,0,mpf,7000,500,5.000000,2.000000,300,300,300,110.513451,25,-8.095260,109.529617,110.535774,-1.006157,2.494530,2.444502,1.648027,0.934505,0.334886,0.024534,0.219769,1.629850,75.031044,0.001000,2.433934,-0.000066,1.000000,2.383437,-0.000053,1.000000,0.601570,0.600478,0.107326,0.000000,PSF-00238_20250123131231_81c,PFA-00249,PSA-00261,PSF-00238,RHS-00257,3.0.0,2021-01-19T12:57:14.097Z
5,13:13:01,2025-01-23,Auto gsw+F,LI-COR Default,,005,,,0.104713,2.921282,0.101089,1.770873,0.850056,0.799166,2.619560,1.769505,7.778096,8.273389,25.495558,0.441786,7.500000,PSF-00238_20250123131301_949,0.000000,0.000000,0.000000,98.969940,136.677597,0.275888,0.5,0.80,206.178558,1.000000,36.51,34.32,19.87,21.79,21.79,102.75,156.6,156.7,-0.0,1868,4.088,13:11:09,2025-01-23,-0.51,1,0.000,0.002,-9999.000,-1.129,-0.690,-9999.000,1,150,0.005,2.000000,0.058905,0.000000,0.029230,0.000000,0.000000,-0.000068,standard,0,mpf,7000,500,5.000000,2.000000,300,300,300,127.566574,25,-6.964845,125.168320,126.700508,-1.532188,2.494875,2.444157,1.648182,0.931390,0.334873,0.023013,0.222615,1.599866,98.969940,0.001017,2.433934,-0.000066,1.000000,2.383437,-0.000053,1.000000,0.601570,0.600478,0.107326,0.000000,PSF-00238_20250123131301_949,PFA-00249,PSA-00261,PSF-00238,RHS-00257,3.0.0,2021-01-19T12:57:14.097Z
6,13:13:19,2025-01-23,Auto gsw+F,LI-COR Default,,006,,,0.200435,2.919639,0.187559,2.979663,0.881877,0.796167,2.487396,1.605519,7.748881,8.583082,24.209177,0.441786,7.500000,PSF-00238_20250123131319_1f8,0.000000,0.000000,0.000000,67.407486,136.108688,0.504753,0.5,0.80,366.349518,1.000000,37.92,34.23,19.86,20.94,20.94,102.75,156.4,129.1,17.4,1815,4.087,13:11:09,2025-01-23,-0.51,1,0.001,0.002,-9999.000,-1.536,-0.817,-9999.000,1,150,0.005,2.000000,0.058905,0.000000,0.029230,0.000000,0.000000,-0.000068,standard,0,mpf,7000,500,5.000000,2.000000,300,300,300,124.594688,25,-7.936493,124.335052,124.739716,-0.404663,2.494737,2.446183,1.646465,0.864001,0.335125,0.013528,0.224331,1.556871,67.407486,0.001005,2.433934,-0.000066,1.000000,2.383437,-0.000053,1.000000,0.601570,0.600478,0.107326,0.000000,PSF-00238_20250123131319_1f8,PFA-00249,PSA-00261,PSF-00238,RHS-00257,3.0.0,2021-01-19T12:57:14.097Z
7,13:14:23,2025-01-23,Auto gsw+F,LI-COR Default,,007,,,0.122070,2.920929,0.117173,2.463163,0.876621,0.805831,2.995946,2.119325,7.842427,8.531359,29.156843,0.441786,7.500000,PSF-00238_20250123131423_474,0.000000,0.000000,0.000000,75.404045,123.167107,0.387791,0.5,0.80,289.713348,1.000000,37.85,34.79,19.79,24.01,24.01,102.75,156.6,157.7,-0.7,1868,4.087,13:11:09,2025-01-23,-0.51,1,-0.000,0.000,-9999.000,0.440,0.055,-9999.000,1,150,0.005,2.000000,0.058905,0.000000,0.029230,0.000000,0.000000,-0.000068,standard,0,mpf,7000,500,5.000000,2.000000,300,300,300,110.980515,25,-8.463597,109.853981,111.043060,-1.189079,2.495647,2.446102,1.647813,0.934043,0.336044,0.049918,0.230086,1.599384,75.404045,0.000996,2.433934,-0.000066,1.000000,2.383437,-0.000053,1.000000,0.601570,0.600478,0.107326,0.000000,PSF-00238_20250123131423_474,PFA-00249,PSA-00261,PSF-00238,RHS-00257,3.0.0,2021-01-19T12:57:14.097Z
8,13:14:33,2025-01-23,Auto gsw+F,LI-COR Default,,008,,,0.076078,2.921431,0.074148,0.826764,0.846424,0.822667,1.976317,1.129894,8.006904,8.238121,19.235214,0.441786,7.500000,PSF-00238_20250123131433_842,0.000000,0.000000,0.000000,102.653503,326.873718,0.685954,0.5,0.80,155.902466,1.000000,36.50,35.48,19.81,17.26,17.26,102.74,156.7,155.5,0.8,568,4.086,13:11:09,2025-01-23,-0.51,1,0.001,0.000,-9999.000,-2.578,-4.637,-9999.000,1,150,0.005,2.000000,0.058905,0.000000,0.029230,0.000000,0.000000,-0.000068,standard,0,mpf,7000,500,5.000000,2.000000,300,300,300,315.177429,25,-8.005444,315.038696,315.405975,-0.367279,2.496728,2.444165,1.648338,0.928406,0.335780,-0.027209,0.230882,0.561239,102.653503,0.001020,2.433934,-0.000066,1.000000,2.383437,-0.000053,1.000000,0.601570,0.600478,0.107326,0.000000,PSF-00238_20250123131433_842,PFA-00249,PSA-00261,PSF-00238,RHS-00257,3.0.0,2021-01-19T12:57:14.097Z
9,13:14:51,2025-01-23,Auto gsw+F,LI-COR Default,,009,,,0.136494,2.922240,0.130403,2.748653,0.889197,0.810297,3.013824,2.124628,7.886156,8.654045,29.331839,0.441786,7.500000,PSF-00238_20250123131451_5c7,0.000000,0.000000,0.000000,83.411697,146.278641,0.429775,0.5,0.80,318.516052,1.000000,38.38,34.97,19.79,24.10,24.10,102.75,156.8,152.0,3.0,1853,4.086,13:11:09,2025-01-23,-0.51,1,-0.001,-0.000,-9999.000,0.942,2.023,-9999.000,1,150,0.005,2.000000,0.058905,0.000000,0.029230,0.000000,0.000000,-0.000068,standard,0,mpf,7000,500,5.000000,2.000000,300,300,300,131.680725,25,-10.110229,130.763412,131.795807,-1.032394,2.495927,2.446852,1.649185,0.919644,0.335947,0.051010,0.232437,1.587472,83.411697,0.001010,2.433934,-0.000066,1.000000,2.383437,-0.000053,1.000000,0.601570,0.600478,0.107326,0.000000,PSF-00238_20250123131451_5c7,PFA-00249,PSA-00261,PSF-00238,RHS-00257,3.0.0,2021-01-19T12:57:14.097Z
10,13:15:07,2025-01-23,Auto gsw+F,LI-COR Default,,010,,,0.121857,2.920285,0.116976,2.316167,0.912266,0.845693,2.908900,1.996634,8.230666,8.878587,28.310740,0.441786,7.500000,PSF-00238_20250123131507_946,0.000000,0.000000,0.000000,94.690201,176.246964,0.462741,0.5,0.80,350.123840,1.000000,39.35,36.48,19.81,23.52,23.52,102.75,156.5,157.4,-0.5,1892,4.085,13:11:09,2025-01-23,-0.51,1,0.000,0.002,-9999.000,4.253,1.354,-9999.000,1,150,0.005,2.000000,0.058905,0.000000,0.029230,0.000000,0.000000,-0.000068,standard,0,mpf,7000,500,5.000000,2.000000,300,300,300,161.641724,25,-10.127466,161.418564,161.739441,-0.320877,2.498307,2.448231,1.647140,0.933169,0.335810,0.043930,0.233852,1.618443,94.690201,0.001016,2.433934,-0.000066,1.000000,2.383437,-0.000053,1.000000,0.601570,0.600478,0.107326,0.000000,PSF-00238_20250123131507_946,PFA-00249,PSA-00261,PSF-00238,RHS-00257,3.0.0,2021-01-19T12:57:14.097Z
11,13:15:40,2025-01-23,Auto gsw+F,LI-COR Default,,011,,,0.074773,2.921621,0.072907,1.024204,0.855874,0.826452,2.277235,1.421360,8.043718,8.330084,22.163944,0.441786,7.500000,PSF-00238_20250123131540_966,0.000000,0.000000,0.000000,98.696350,204.853378,0.518210,0.5,0.80,161.870056,1.000000,36.92,35.65,19.80,19.52,19.52,102.75,156.7,157.7,-0.7,781,4.084,13:11:09,2025-01-23,-0.51,1,-0.002,-0.002,-0.006,-0.218,1.059,0.996,1,150,0.005,2.000000,0.058905,0.000000,0.029230,0.000000,0.000000,-0.000068,standard,0,mpf,7000,500,5.000000,2.000000,300,300,300,197.264679,25,-5.136765,198.844666,197.494995,1.349670,2.496999,2.444762,1.648537,0.934058,0.335824,-0.002066,0.236774,0.731169,98.696350,0.001026,2.433934,-0.000066,1.000000,2.383437,-0.000053,1.000000,0.601570,0.600478,0.107326,0.000000,PSF-00238_20250123131540_966,PFA-00249,PSA-00261,PSF-00238,RHS-00257,3.0.0,2021-01-19T12:57:14.097Z
12,13:16:05,2025-01-23,Auto gsw+F,LI-COR Default,,012,,,0.132993,2.921271,0.127202,2.677984,0.860885,0.783938,2.983463,2.122578,7.630104,8.379033,29.038183,0.441786,7.500000,PSF-00238_20250123131605_c3e,0.000000,0.000000,0.000000,73.533653,139.850479,0.474198,0.5,0.80,356.575714,1.000000,37.14,33.82,19.80,23.94,23.94,102.74,156.6,156.9,-0.2,1880,4.084,13:11:09,2025-01-23,-0.51,1,-0.000,0.001,-9999.000,0.953,2.821,-9999.000,1,150,0.005,2.000000,0.058905,0.000000,0.029230,0.000000,0.000000,-0.000068,standard,0,mpf,7000,500,5.000000,2.000000,300,300,300,123.977783,25,-11.024722,122.824074,124.057640,-1.233566,2.494083,2.445074,1.648170,0.932088,0.335829,0.048911,0.239009,1.609107,73.533653,0.001026,2.433934,-0.000066,1.000000,2.383437,-0.000053,1.000000,0.601570,0.600478,0.107326,0.000000,PSF-00238_20250123131605_c3e,PFA-00249,PSA-00261,PSF-00238,RHS-00257,3.0.0,2021-01-19T12:57:14.097Z
13,13:16:15,2025-01-23,Auto gsw+F,LI-COR Default,,013,,,0.123372,2.921235,0.118372,2.259095,0.855589,0.790673,2.781690,1.926101,7.695656,8.327489,27.074316,0.441786,7.500000,PSF-00238_20250123131615_740,0.000000,0.000000,0.000000,89.056488,144.418457,0.383344,0.5,0.80,290.197235,1.000000,36.89,34.09,19.81,22.78,22.78,102.74,156.6,151.1,3.5,1893,4.084,13:11:09,2025-01-23,-0.51,1,-0.001,-0.002,-9999.000,-1.628,-2.131,-9999.000,1,150,0.005,2.000000,0.058905,0.000000,0.029230,0.000000,0.000000,-0.000068,standard,0,mpf,7000,500,5.000000,2.000000,300,300,300,130.329254,25,-10.380585,127.452133,129.548340,-2.096207,2.494527,2.444726,1.648132,0.917450,0.335752,0.035209,0.239841,1.619212,89.056488,0.001019,2.433934,-0.000066,1.000000,2.383437,-0.000053,1.000000,0.601570,0.600478,0.107326,0.000000,PSF-00238_20250123131615_740,PFA-00249,PSA-00261,PSF-00238,RHS-00257,3.0.0,2021-01-19T12:57:14.097Z
14,13:16:36,2025-01-23,Auto gsw+F,LI-COR Default,,014,,,0.120522,2.920466,0.115746,2.141771,0.844225,0.782631,2.712616,1.868391,7.616848,8.216298,26.400152,0.441786,7.500000,PSF-00238_20250123131636_0aa,0.000000,0.000000,0.000000,115.366455,176.028839,0.344616,0.5,0.80,264.965668,1.000000,36.42,33.77,19.80,22.36,22.36,102.75,156.5,157.5,-0.6,1922,4.081,13:11:09,2025-01-23,-0.51,1,0.001,0.001,-9999.000,-0.269,0.534,-9999.000,1,150,0.005,2.000000,0.058905,0.000000,0.029230,0.000000,0.000000,-0.000068,standard,0,mpf,7000,500,5.000000,2.000000,300,300,300,160.875671,25,-11.096394,157.719254,160.133331,-2.414078,2.494004,2.444051,1.647328,0.933530,0.335869,0.030487,0.241775,1.642893,115.366455,0.001015,2.433934,-0.000066,1.000000,2.383437,-0.000053,1.000000,0.601570,0.600478,0.107326,0.000000,PSF-00238_20250123131636_0aa,PFA-00249,PSA-00261,PSF-00238,RHS-00257,3.0.0,2021-01-19T12:57:14.097Z
15,13:18:30,2025-01-23,Auto gsw+F,LI-COR Default,,015,,,0.100405,2.920859,0.097068,1.673956,0.822628,0.774503,2.564982,1.742354,7.539342,8.007811,24.968618,0.441786,7.500000,PSF-00238_20250123131830_23e,0.000000,0.000000,0.000000,71.365715,204.576431,0.651154,0.5,0.80,277.654694,1.000000,35.53,33.45,19.78,21.44,21.44,102.73,156.6,157.6,-0.6,1066,4.063,13:11:09,2025-01-23,-0.51,1,-0.001,-0.000,-9999.000,0.529,1.307,-9999.000,1,150,0.005,2.000000,0.058905,0.000000,0.029230,0.000000,0.000000,-0.000068,standard,0,mpf,7000,500,5.000000,2.000000,300,300,300,178.731323,25,-18.356091,177.411682,178.281464,-0.869781,2.493507,2.442768,1.647739,0.933625,0.336114,0.020100,0.251616,0.958927,71.365715,0.001013,2.433934,-0.000066,1.000000,2.383437,-0.000053,1.000000,0.601570,0.600478,0.107326,0.000000,PSF-00238_20250123131830_23e,PFA-00249,PSA-00261,PSF-00238,RHS-00257,3.0.0,2021-01-19T12:57:14.097Z
16,13:33:25,2025-01-23,Auto gsw+F,LI-COR Default,,016,,,0.056869,2.919834,0.055783,1.473132,0.932490,0.890154,3.585514,2.653024,8.665826,9.077982,34.905704,0.441786,7.500000,PSF-00238_20250123133325_db7,0.000000,0.000000,0.000000,58.342339,89.016312,0.344588,0.5,0.80,261.870392,1.000000,33.68,32.15,22.70,27.03,27.03,102.72,156.5,157.2,-0.5,1900,4.061,13:33:16,2025-01-23,-0.55,1,-0.000,0.001,-9999.000,-0.152,0.255,-9999.000,1,150,0.005,2.000000,0.058905,0.000000,0.029230,0.000000,0.000000,-0.000068,standard,0,mpf,7000,500,5.000000,2.000000,300,300,300,80.269936,25,-6.216376,78.756454,80.111397,-1.354942,2.490839,2.439574,1.646669,0.932687,0.298986,0.052320,0.325005,1.625077,58.342339,0.000991,2.433934,-0.000066,1.000000,2.383437,-0.000053,1.000000,0.601570,0.600478,0.107326,0.000000,PSF-00238_20250123133325_db7,PFA-00249,PSA-00261,PSF-00238,RHS-00257,3.0.0,2021-01-19T12:57:14.097Z
17,13:33:52,2025-01-23,Auto gsw+F,LI-COR Default,,017,,,0.077651,2.922963,0.075641,1.409424,0.924709,0.884301,2.803915,1.879206,8.608994,9.002379,27.297146,0.441786,7.500000,PSF-00238_20250123133352_11a,0.000000,0.000000,0.000000,84.998848,173.504608,0.510106,0.5,0.80,378.314453,1.000000,33.26,31.81,22.77,22.91,22.91,102.72,156.9,157.4,-0.4,1854,4.060,13:33:16,2025-01-23,-0.55,1,-0.001,0.002,0.002,4.481,-1.911,-9.559,1,150,0.005,2.000000,0.058905,0.000000,0.029230,0.000000,0.000000,-0.000068,standard,0,mpf,7000,500,5.000000,2.000000,300,300,300,158.127304,25,-10.704468,157.660965,158.170532,-0.509567,2.490283,2.438960,1.649944,0.933281,0.298193,0.002594,0.326958,1.588504,84.998848,0.001023,2.433934,-0.000066,1.000000,2.383437,-0.000053,1.000000,0.601570,0.600478,0.107326,0.000000,PSF-00238_20250123133352_11a,PFA-00249,PSA-00261,PSF-00238,RHS-00257,3.0.0,2021-01-19T12:57:14.097Z
18,13:34:01,2025-01-23,Auto gsw+F,LI-COR Default,,018,,,0.102927,2.921099,0.099423,2.049480,0.956026,0.897198,3.032353,2.076327,8.734405,9.307106,29.520567,0.441786,7.500000,PSF-00238_20250123133401_0c5,0.000000,0.000000,0.000000,75.336456,129.942612,0.420233,0.5,0.80,271.547058,1.000000,34.38,32.26,22.77,24.21,24.21,102.72,156.6,157.5,-0.6,1615,4.061,13:33:16,2025-01-23,-0.55,1,-0.001,-0.000,-9999.000,0.166,1.397,-9999.000,1,150,0.005,2.000000,0.058905,0.000000,0.029230,0.000000,0.000000,-0.000068,standard,0,mpf,7000,500,5.000000,2.000000,300,300,300,119.615791,25,-7.171694,118.955254,119.669212,-0.713959,2.491004,2.440570,1.647990,0.933475,0.298120,0.017694,0.327513,1.397861,75.336456,0.001021,2.433934,-0.000066,1.000000,2.383437,-0.000053,1.000000,0.601570,0.600478,0.107326,0.000000,PSF-00238_20250123133401_0c5,PFA-00249,PSA-00261,PSF-00238,RHS-00257,3.0.0,2021-01-19T12:57:14.097Z
19,13:34:28,2025-01-23,Auto gsw+F,LI-COR Default,,019,,,0.042882,2.922193,0.042262,0.402698,0.924550,0.912997,1.889987,0.965437,8.887693,9.000160,18.398335,0.441786,7.500000,PSF-00238_20250123133428_d3b,0.000000,0.000000,0.000000,99.639061,358.378937,0.721973,0.5,0.80,38.217880,1.000000,33.29,32.87,22.75,16.55,16.55,102.73,156.8,157.7,-0.6,132,4.030,13:33:16,2025-01-23,-0.55,1,-0.004,-0.001,-9999.000,0.285,0.177,-9999.000,1,150,0.005,2.000000,0.058905,0.000000,0.029230,0.000000,0.000000,-0.000068,standard,0,mpf,7000,500,5.000000,2.000000,300,300,300,352.431549,25,-3.973690,354.370941,352.686646,1.684296,2.491979,2.438996,1.649136,0.934047,0.298366,-0.068427,0.329357,0.213047,99.639061,0.001024,2.433934,-0.000066,1.000000,2.383437,-0.000053,1.000000,0.601570,0.600478,0.107326,0.000000,PSF-00238_20250123133428_d3b,PFA-00249,PSA-00261,PSF-00238,RHS-00257,3.0.0,2021-01-19T12:57:14.097Z
20,13:34:34,2025-01-23,Auto gsw+F,LI-COR Default,,020,,,0.065536,2.920865,0.064098,0.787075,0.931299,0.908698,2.173529,1.242230,8.846551,9.066584,21.160212,0.441786,7.500000,PSF-00238_20250123133434_713,0.000000,0.000000,0.000000,101.639626,392.226746,0.740865,0.5,0.80,39.914307,1.000000,33.59,32.77,22.72,18.77,18.77,102.72,156.6,157.5,-0.6,135,4.030,13:33:16,2025-01-23,-0.55,1,0.002,0.002,-9999.000,0.089,0.203,-9999.000,1,150,0.005,2.000000,0.058905,0.000000,0.029230,0.000000,0.000000,-0.000068,standard,0,mpf,7000,500,5.000000,2.000000,300,300,300,383.461823,25,-6.016784,386.873596,383.607758,3.265839,2.491832,2.439442,1.647745,0.933522,0.298720,-0.043788,0.329640,0.214924,101.639626,0.001034,2.433934,-0.000066,1.000000,2.383437,-0.000053,1.000000,0.601570,0.600478,0.107326,0.000000,PSF-00238_20250123133434_713,PFA-00249,PSA-00261,PSF-00238,RHS-00257,3.0.0,2021-01-19T12:57:14.097Z
21,13:34:41,2025-01-23,Auto gsw+F,LI-COR Default,,021,,,0.048313,2.924484,0.047528,0.673197,0.906706,0.887425,2.338681,1.431975,8.639178,8.826881,22.767311,0.441786,7.500000,PSF-00238_20250123133441_36d,0.000000,0.000000,0.000000,99.272133,368.608459,0.730684,0.5,0.80,39.364227,1.000000,32.77,32.07,22.69,19.95,19.95,102.72,157.0,157.4,-0.2,135,4.059,13:33:16,2025-01-23,-0.55,1,-0.002,-0.002,0.007,-0.184,-0.154,-0.829,1,150,0.005,2.000000,0.058905,0.000000,0.029230,0.000000,0.000000,-0.000068,standard,0,mpf,7000,500,5.000000,2.000000,300,300,300,368.608459,25,2.297120,377.475128,371.899078,5.576050,2.490722,2.438260,1.651544,0.933256,0.299135,-0.030264,0.330033,0.214920,99.272133,0.001021,2.433934,-0.000066,1.000000,2.383437,-0.000053,1.000000,0.601570,0.600478,0.107326,0.000000,PSF-00238_20250123133441_36d,PFA-00249,PSA-00261,PSF-00238,RHS-00257,3.0.0,2021-01-19T12:57:14.097Z
22,13:34:53,2025-01-23,Auto gsw+F,LI-COR Default,,022,,,0.067319,2.922304,0.065803,0.654112,0.945117,0.926357,1.951820,1.006704,9.018096,9.200725,19.000998,0.441786,7.500000,PSF-00238_20250123133453_a42,0.000000,0.000000,0.000000,96.147179,397.248047,0.757967,0.5,0.80,41.321434,1.000000,34.24,33.56,22.65,17.06,17.06,102.72,156.8,133.6,14.8,136,4.059,13:33:16,2025-01-23,-0.55,1,0.006,0.003,-9999.000,0.177,0.528,-9999.000,1,150,0.005,2.000000,0.058905,0.000000,0.029230,0.000000,0.000000,-0.000068,standard,0,mpf,7000,500,5.000000,2.000000,300,300,300,395.092957,25,-1.306419,397.513031,395.376617,2.136414,2.493099,2.440399,1.649252,0.874719,0.299609,-0.061721,0.330797,0.216204,96.147179,0.001031,2.433934,-0.000066,1.000000,2.383437,-0.000053,1.000000,0.601570,0.600478,0.107326,0.000000,PSF-00238_20250123133453_a42,PFA-00249,PSA-00261,PSF-00238,RHS-00257,3.0.0,2021-01-19T12:57:14.097Z
23,13:35:23,2025-01-23,Auto gsw+F,LI-COR Default,,023,,,0.049477,2.920050,0.048652,0.507094,0.904987,0.890414,1.960620,1.055633,8.668904,8.810794,19.088240,0.441786,7.500000,PSF-00238_20250123133523_f0b,0.000000,0.000000,0.000000,103.496078,395.315430,0.738194,0.5,0.80,42.391369,1.000000,32.95,32.42,22.57,17.13,17.13,102.71,156.5,156.3,0.1,144,4.059,13:33:16,2025-01-23,-0.55,1,0.001,0.001,-9999.000,0.205,0.796,-9999.000,1,150,0.005,2.000000,0.058905,0.000000,0.029230,0.000000,0.000000,-0.000068,standard,0,mpf,7000,500,5.000000,2.000000,300,300,300,386.734833,25,-6.158312,386.724121,386.493683,0.230438,2.491299,2.438544,1.646895,0.930498,0.300593,-0.060005,0.332739,0.222015,103.496078,0.001033,2.433934,-0.000066,1.000000,2.383437,-0.000053,1.000000,0.601570,0.600478,0.107326,0.000000,PSF-00238_20250123133523_f0b,PFA-00249,PSA-00261,PSF-00238,RHS-00257,3.0.0,2021-01-19T12:57:14.097Z
24,13:35:41,2025-01-23,Auto gsw+F,LI-COR Default,,024,,,0.060598,2.920236,0.059366,0.728105,0.871540,0.850611,2.112979,1.241439,8.281453,8.485221,20.571730,0.441786,7.500000,PSF-00238_20250123133541_13a,0.000000,0.000000,0.000000,91.412903,381.998566,0.760698,0.5,0.80,44.046192,1.000000,31.88,31.11,22.49,18.32,18.32,102.71,156.5,157.5,-0.6,145,4.058,13:33:16,2025-01-23,-0.55,1,-0.002,-0.001,-9999.000,-0.347,-0.149,-9999.000,1,150,0.005,2.000000,0.058905,0.000000,0.029230,0.000000,0.000000,-0.000068,standard,0,mpf,7000,500,5.000000,2.000000,300,300,300,379.061584,25,-1.680200,382.426849,379.591705,2.835144,2.489219,2.436994,1.647088,0.933451,0.301503,-0.046110,0.333886,0.222967,91.412903,0.001027,2.433934,-0.000066,1.000000,2.383437,-0.000053,1.000000,0.601570,0.600478,0.107326,0.000000,PSF-00238_20250123133541_13a,PFA-00249,PSA-00261,PSF-00238,RHS-00257,3.0.0,2021-01-19T12:57:14.097Z
25,13:36:16,2025-01-23,Auto gsw+F,LI-COR Default,,025,,,0.036516,2.919634,0.036065,0.488290,0.881132,0.867091,2.250606,1.369474,8.441754,8.578460,21.911278,0.441786,7.500000,PSF-00238_20250123133616_d10,0.000000,0.000000,0.000000,80.641151,292.804016,0.724590,0.5,0.80,21.575268,1.000000,32.48,31.96,22.36,19.33,19.33,102.71,156.4,157.5,-0.7,74,4.058,13:33:16,2025-01-23,-0.55,1,0.001,-0.002,0.011,0.100,0.379,0.970,1,150,0.005,2.000000,0.058905,0.000000,0.029230,0.000000,0.000000,-0.000068,standard,0,mpf,7000,500,5.000000,2.000000,300,300,300,289.851318,25,-1.961442,290.976044,289.994263,0.981781,2.490610,2.437899,1.646460,0.933433,0.303058,-0.033427,0.336040,0.166793,80.641151,0.001032,2.433934,-0.000066,1.000000,2.383437,-0.000053,1.000000,0.601570,0.600478,0.107326,0.000000,PSF-00238_20250123133616_d10,PFA-00249,PSA-00261,PSF-00238,RHS-00257,3.0.0,2021-01-19T12:57:14.097Z
26,13:36:39,2025-01-23,Auto gsw+F,LI-COR Default,,026,,,0.069300,2.919686,0.067693,0.838813,0.915120,0.891009,2.168731,1.253611,8.675014,8.909766,21.115141,0.441786,7.500000,PSF-00238_20250123133639_02e,0.000000,0.000000,0.000000,95.839981,445.972321,0.785099,0.5,0.80,19.905907,1.000000,33.96,33.06,22.25,18.73,18.73,102.71,156.5,156.1,0.3,63,4.056,13:33:16,2025-01-23,-0.55,1,0.004,0.002,-0.009,-0.086,-0.113,-0.088,1,150,0.005,2.000000,0.058905,0.000000,0.029230,0.000000,0.000000,-0.000068,standard,0,mpf,7000,500,5.000000,2.000000,300,300,300,445.972321,25,10.745294,459.564331,461.364868,-1.800537,2.492387,2.440065,1.646514,0.929851,0.304380,-0.038784,0.337466,0.157964,95.839981,0.001018,2.433934,-0.000066,1.000000,2.383437,-0.000053,1.000000,0.601570,0.600478,0.107326,0.000000,PSF-00238_20250123133639_02e,PFA-00249,PSA-00261,PSF-00238,RHS-00257,3.0.0,2021-01-19T12:57:14.097Z
27,13:37:41,2025-01-23,Auto gsw+F,LI-COR Default,,027,,,0.089322,2.920385,0.086671,1.385836,0.841350,0.801513,2.457060,1.615709,7.804680,8.192590,23.925446,0.441786,7.500000,PSF-00238_20250123133741_b1f,0.000000,0.000000,0.000000,67.427513,148.374466,0.545559,0.5,0.80,189.977249,1.000000,31.52,30.02,22.10,20.74,20.74,102.70,156.5,139.7,10.8,871,4.056,13:33:16,2025-01-23,-0.55,1,0.001,0.000,0.020,-0.351,-0.692,1.102,1,150,0.005,2.000000,0.058905,0.000000,0.029230,0.000000,0.000000,-0.000068,standard,0,mpf,7000,500,5.000000,2.000000,300,300,300,138.806107,25,-6.589249,138.343689,138.935410,-0.591721,2.487536,2.436534,1.647244,0.889358,0.306270,-0.014456,0.341352,0.802791,67.427513,0.001034,2.433934,-0.000066,1.000000,2.383437,-0.000053,1.000000,0.601570,0.600478,0.107326,0.000000,PSF-00238_20250123133741_b1f,PFA-00249,PSA-00261,PSF-00238,RHS-00257,3.0.0,2021-01-19T12:57:14.097Z
28,13:37:56,2025-01-23,Auto gsw+F,LI-COR Default,,028,,,0.024888,2.920580,0.024678,0.542771,0.839946,0.824340,3.056612,2.216666,8.024220,8.176126,29.753405,0.441786,7.500000,PSF-00238_20250123133756_ab8,0.000000,0.000000,0.000000,65.257072,125.038887,0.478106,0.5,0.80,338.319305,1.000000,31.55,30.96,22.06,24.34,24.34,102.73,156.6,153.4,2.0,1769,4.056,13:33:16,2025-01-23,-0.55,1,0.001,-0.001,-9999.000,-0.576,0.646,-9999.000,1,150,0.005,2.000000,0.058905,0.000000,0.029230,0.000000,0.000000,-0.000068,standard,0,mpf,7000,500,5.000000,2.000000,300,300,300,112.287643,25,-8.782037,112.909195,112.458679,0.450516,2.489057,2.436587,1.647448,0.923132,0.306803,0.027617,0.342382,1.520571,65.257072,0.001005,2.433934,-0.000066,1.000000,2.383437,-0.000053,1.000000,0.601570,0.600478,0.107326,0.000000,PSF-00238_20250123133756_ab8,PFA-00249,PSA-00261,PSF-00238,RHS-00257,3.0.0,2021-01-19T12:57:14.097Z
29,13:38:09,2025-01-23,Auto gsw+F,LI-COR Default,,029,,,0.080480,2.920534,0.078322,1.255574,0.873278,0.837193,2.492988,1.619709,8.150287,8.501584,24.269859,0.441786,7.500000,PSF-00238_20250123133809_fb3,0.000000,0.000000,0.000000,72.875618,218.739090,0.666838,0.5,0.80,303.321442,1.000000,32.86,31.50,22.03,20.98,20.98,102.72,156.6,139.7,10.8,1137,4.026,13:33:16,2025-01-23,-0.55,1,-0.002,-0.002,-9999.000,0.185,0.282,-9999.000,1,150,0.005,2.000000,0.058905,0.000000,0.029230,0.000000,0.000000,-0.000068,standard,0,mpf,7000,500,5.000000,2.000000,300,300,300,193.181992,25,-17.863461,191.892029,193.149811,-1.257782,2.489931,2.438509,1.647400,0.889246,0.307168,-0.010936,0.343251,1.015769,72.875618,0.001021,2.433934,-0.000066,1.000000,2.383437,-0.000053,1.000000,0.601570,0.600478,0.107326,0.000000,PSF-00238_20250123133809_fb3,PFA-00249,PSA-00261,PSF-00238,RHS-00257,3.0.0,2021-01-19T12:57:14.097Z
30,13:38:18,2025-01-23,Auto gsw+F,LI-COR Default,,030,,,0.056123,2.923018,0.055065,1.130725,0.862496,0.830059,2.932797,2.070301,8.080813,8.396590,28.551443,0.441786,7.500000,PSF-00238_20250123133818_8b2,0.000000,0.000000,0.000000,74.360489,127.543991,0.416982,0.5,0.80,286.556335,1.000000,32.50,31.28,22.00,23.65,23.65,102.72,156.9,157.7,-0.5,1718,4.055,13:33:16,2025-01-23,-0.55,1,0.003,0.004,-9999.000,-0.309,-0.220,-9999.000,1,150,0.005,2.000000,0.058905,0.000000,0.029230,0.000000,0.000000,-0.000068,standard,0,mpf,7000,500,5.000000,2.000000,300,300,300,119.083282,25,-5.854389,118.925568,119.157623,-0.232056,2.489577,2.437991,1.650002,0.933978,0.307463,0.020146,0.343896,1.479812,74.360489,0.001022,2.433934,-0.000066,1.000000,2.383437,-0.000053,1.000000,0.601570,0.600478,0.107326,0.000000,PSF-00238_20250123133818_8b2,PFA-00249,PSA-00261,PSF-00238,RHS-00257,3.0.0,2021-01-19T12:57:14.097Z
1,14:42:27,2025-01-23,Auto gsw+F,LI-COR Default,,001,,,0.066234,2.923141,0.064766,2.013324,1.003807,0.946207,4.113586,3.109780,9.222631,9.784049,40.094902,0.441786,7.500000,PSF-00238_20250123144227_0bf,0.000000,0.000000,0.000000,73.617699,133.636063,0.449118,0.5,0.80,326.019592,1.000000,30.79,29.03,25.42,29.39,29.39,102.60,156.9,149.3,4.8,1815,4.051,14:37:45,2025-01-23,-0.41,1,-0.000,0.002,-9999.000,-0.604,-0.220,-9999.000,1,150,0.005,2.000000,0.058905,0.000000,0.029230,0.000000,0.000000,-0.000068,standard,0,mpf,7000,500,5.000000,2.000000,300,300,300,114.014626,25,-14.470402,108.936668,112.907318,-3.970650,2.485320,2.434690,1.650131,0.912904,0.268214,0.048954,0.195978,1.557092,73.617699,0.001001,2.433934,-0.000066,1.000000,2.383437,-0.000053,1.000000,0.601570,0.600478,0.107326,0.000000,PSF-00238_20250123144227_0bf,PFA-00249,PSA-00261,PSF-00238,RHS-00257,3.0.0,2021-01-19T12:57:14.097Z
2,14:42:34,2025-01-23,Auto gsw+F,LI-COR Default,,002,,,0.036448,2.919975,0.035999,1.033974,0.971692,0.942028,3.849214,2.877522,9.182118,9.471259,37.518990,0.441786,7.500000,PSF-00238_20250123144234_32d,0.000000,0.000000,0.000000,78.520058,124.505928,0.369347,0.5,0.80,271.637299,1.000000,29.90,28.99,25.37,28.24,28.24,102.59,156.5,156.7,-0.2,1839,4.050,14:37:45,2025-01-23,-0.41,1,0.001,0.000,-9999.000,-0.192,-0.588,-9999.000,1,150,0.005,2.000000,0.058905,0.000000,0.029230,0.000000,0.000000,-0.000068,standard,0,mpf,7000,500,5.000000,2.000000,300,300,300,113.373398,25,-8.496258,110.526680,112.335098,-1.808418,2.485267,2.433392,1.646816,0.931562,0.268773,0.035452,0.196768,1.576150,78.520058,0.000984,2.433934,-0.000066,1.000000,2.383437,-0.000053,1.000000,0.601570,0.600478,0.107326,0.000000,PSF-00238_20250123144234_32d,PFA-00249,PSA-00261,PSF-00238,RHS-00257,3.0.0,2021-01-19T12:57:14.097Z
3,14:43:01,2025-01-23,Auto gsw+F,LI-COR Default,,003,,,0.055589,2.920029,0.054550,0.943763,0.967850,0.940773,2.711058,1.743207,9.169510,9.433422,26.424078,0.441786,7.500000,PSF-00238_20250123144301_260,0.000000,0.000000,0.000000,84.181305,251.815247,0.665702,0.5,0.80,121.221909,1.000000,30.15,29.30,25.16,22.35,22.35,102.60,156.5,157.0,-0.3,455,4.049,14:37:45,2025-01-23,-0.41,1,0.001,-0.000,0.013,0.133,0.245,1.580,1,150,0.005,2.000000,0.058905,0.000000,0.029230,0.000000,0.000000,-0.000068,standard,0,mpf,7000,500,5.000000,2.000000,300,300,300,227.142685,25,-17.769108,223.641510,226.361130,-2.719620,2.485815,2.433790,1.646872,0.932167,0.270979,-0.031857,0.199828,0.471003,84.181305,0.001011,2.433934,-0.000066,1.000000,2.383437,-0.000053,1.000000,0.601570,0.600478,0.107326,0.000000,PSF-00238_20250123144301_260,PFA-00249,PSA-00261,PSF-00238,RHS-00257,3.0.0,2021-01-19T12:57:14.097Z
4,14:43:30,2025-01-23,Auto gsw+F,LI-COR Default,,004,,,0.119414,2.921731,0.114725,2.273124,0.983754,0.918638,2.977254,1.993501,8.954175,9.588873,29.019983,0.441786,7.500000,PSF-00238_20250123144330_2ed,0.000000,0.000000,0.000000,59.061886,161.048920,0.633267,0.5,0.80,390.308533,1.000000,31.07,29.01,24.93,23.90,23.90,102.59,156.7,156.5,0.1,1541,4.049,14:37:45,2025-01-23,-0.41,1,0.001,0.003,-9999.000,0.522,1.250,-9999.000,1,150,0.005,2.000000,0.058905,0.000000,0.029230,0.000000,0.000000,-0.000068,standard,0,mpf,7000,500,5.000000,2.000000,300,300,300,138.012177,25,-16.001814,138.319016,138.126434,0.192581,2.485386,2.435179,1.648652,0.931027,0.273495,-0.011219,0.203145,1.338262,59.061886,0.001010,2.433934,-0.000066,1.000000,2.383437,-0.000053,1.000000,0.601570,0.600478,0.107326,0.000000,PSF-00238_20250123144330_2ed,PFA-00249,PSA-00261,PSF-00238,RHS-00257,3.0.0,2021-01-19T12:57:14.097Z
5,14:43:38,2025-01-23,Auto gsw+F,LI-COR Default,,005,,,0.095622,2.922445,0.092593,1.722927,0.995464,0.946143,2.868516,1.873052,9.222340,9.703086,27.960289,0.441786,7.500000,PSF-00238_20250123144338_292,0.000000,0.000000,0.000000,57.476879,168.823013,0.659544,0.5,0.80,407.519073,1.000000,31.56,30.00,24.86,23.28,23.28,102.59,156.8,126.9,19.1,1545,4.049,14:37:45,2025-01-23,-0.41,1,-0.001,-0.000,-9999.000,0.048,0.279,-9999.000,1,150,0.005,2.000000,0.058905,0.000000,0.029230,0.000000,0.000000,-0.000068,standard,0,mpf,7000,500,5.000000,2.000000,300,300,300,149.531006,25,-13.351781,150.051712,149.696686,0.355026,2.486986,2.435910,1.649399,0.858680,0.274214,-0.017617,0.204009,1.341337,57.476879,0.000998,2.433934,-0.000066,1.000000,2.383437,-0.000053,1.000000,0.601570,0.600478,0.107326,0.000000,PSF-00238_20250123144338_292,PFA-00249,PSA-00261,PSF-00238,RHS-00257,3.0.0,2021-01-19T12:57:14.097Z
6,14:44:00,2025-01-23,Auto gsw+F,LI-COR Default,,006,,,0.113898,2.921627,0.109624,1.308299,1.003631,0.966157,2.208881,1.205250,9.417126,9.782386,21.529949,0.441786,7.500000,PSF-00238_20250123144400_434,0.000000,0.000000,0.000000,110.980865,447.192932,0.751828,0.5,0.80,40.335018,1.000000,32.16,30.96,24.69,19.03,19.03,102.60,156.7,140.2,10.5,134,4.047,14:37:45,2025-01-23,-0.41,1,-0.001,0.003,-9999.000,0.425,1.037,-9999.000,1,150,0.005,2.000000,0.058905,0.000000,0.029230,0.000000,0.000000,-0.000068,standard,0,mpf,7000,500,5.000000,2.000000,300,300,300,435.055023,25,-8.673168,434.973846,434.768677,0.205170,2.488561,2.436813,1.648542,0.890685,0.276170,-0.063738,0.206494,0.214473,110.980865,0.001018,2.433934,-0.000066,1.000000,2.383437,-0.000053,1.000000,0.601570,0.600478,0.107326,0.000000,PSF-00238_20250123144400_434,PFA-00249,PSA-00261,PSF-00238,RHS-00257,3.0.0,2021-01-19T12:57:14.097Z
7,14:45:31,2025-01-23,Auto gsw+F,LI-COR Default,,007,,,0.032828,2.921041,0.032463,0.335349,0.900502,0.890883,1.945617,1.045115,8.683659,8.777422,18.964418,0.441786,7.500000,PSF-00238_20250123144531_f9f,0.000000,0.000000,0.000000,92.335220,446.024292,0.792982,0.5,0.80,12.924408,1.000000,29.73,29.42,24.19,17.01,17.01,102.59,156.6,157.4,-0.5,41,4.047,14:37:45,2025-01-23,-0.41,1,0.002,0.001,-9999.000,0.138,0.303,-9999.000,1,150,0.005,2.000000,0.058905,0.000000,0.029230,0.000000,0.000000,-0.000068,standard,0,mpf,7000,500,5.000000,2.000000,300,300,300,441.191559,25,-3.320481,444.603668,441.267731,3.335938,2.486171,2.433346,1.647928,0.933237,0.281736,-0.080055,0.215763,0.139877,92.335220,0.000992,2.433934,-0.000066,1.000000,2.383437,-0.000053,1.000000,0.601570,0.600478,0.107326,0.000000,PSF-00238_20250123144531_f9f,PFA-00249,PSA-00261,PSF-00238,RHS-00257,3.0.0,2021-01-19T12:57:14.097Z
8,14:45:37,2025-01-23,Auto gsw+F,LI-COR Default,,008,,,0.051163,2.923204,0.050283,0.570786,0.926650,0.910308,2.074258,1.147609,8.872527,9.031804,20.217236,0.441786,7.500000,PSF-00238_20250123144537_85c,0.000000,0.000000,0.000000,87.215065,422.809692,0.793725,0.5,0.80,9.717130,1.000000,30.68,30.14,24.14,18.02,18.02,102.60,156.9,157.1,-0.1,31,4.046,14:37:45,2025-01-23,-0.41,1,-0.001,0.004,-9999.000,0.152,0.193,-9999.000,1,150,0.005,2.000000,0.058905,0.000000,0.029230,0.000000,0.000000,-0.000068,standard,0,mpf,7000,500,5.000000,2.000000,300,300,300,417.712921,25,-3.393060,422.080627,417.949158,4.131470,2.487348,2.434750,1.650197,0.932529,0.282259,-0.068434,0.216178,0.131776,87.215065,0.001000,2.433934,-0.000066,1.000000,2.383437,-0.000053,1.000000,0.601570,0.600478,0.107326,0.000000,PSF-00238_20250123144537_85c,PFA-00249,PSA-00261,PSF-00238,RHS-00257,3.0.0,2021-01-19T12:57:14.097Z
9,14:45:43,2025-01-23,Auto gsw+F,LI-COR Default,,009,,,0.076132,2.922038,0.074198,1.052778,0.945159,0.914997,2.377259,1.432100,8.918646,9.212641,23.171577,0.441786,7.500000,PSF-00238_20250123144543_514,0.000000,0.000000,0.000000,91.619614,420.725128,0.782234,0.5,0.80,10.142346,1.000000,31.40,30.40,24.08,20.21,20.21,102.59,156.7,157.0,-0.1,32,4.046,14:37:45,2025-01-23,-0.41,1,0.001,0.003,-9999.000,0.039,0.154,-9999.000,1,150,0.005,2.000000,0.058905,0.000000,0.029230,0.000000,0.000000,-0.000068,standard,0,mpf,7000,500,5.000000,2.000000,300,300,300,411.872162,25,-6.118394,415.534607,411.960571,3.574036,2.487776,2.435815,1.648973,0.932147,0.282905,-0.043493,0.216697,0.133221,91.619614,0.000995,2.433934,-0.000066,1.000000,2.383437,-0.000053,1.000000,0.601570,0.600478,0.107326,0.000000,PSF-00238_20250123144543_514,PFA-00249,PSA-00261,PSF-00238,RHS-00257,3.0.0,2021-01-19T12:57:14.097Z
10,14:45:49,2025-01-23,Auto gsw+F,LI-COR Default,,010,,,0.068582,2.922293,0.067009,0.834834,0.947919,0.924007,2.206418,1.258499,9.006572,9.239652,21.506624,0.441786,7.500000,PSF-00238_20250123144549_175,0.000000,0.000000,0.000000,93.123436,430.680756,0.783776,0.5,0.80,7.228068,1.000000,31.58,30.78,24.04,19.01,19.01,102.59,156.8,152.3,2.9,23,4.044,14:37:45,2025-01-23,-0.41,1,-0.001,-0.000,-9999.000,-0.109,-0.132,-9999.000,1,150,0.005,2.000000,0.058905,0.000000,0.029230,0.000000,0.000000,-0.000068,standard,0,mpf,7000,500,5.000000,2.000000,300,300,300,430.337555,25,-0.206850,438.343750,430.384430,7.959320,2.488394,2.436077,1.649241,0.920381,0.283399,-0.056379,0.217115,0.125744,93.123436,0.000991,2.433934,-0.000066,1.000000,2.383437,-0.000053,1.000000,0.601570,0.600478,0.107326,0.000000,PSF-00238_20250123144549_175,PFA-00249,PSA-00261,PSF-00238,RHS-00257,3.0.0,2021-01-19T12:57:14.097Z
11,14:46:52,2025-01-23,Auto gsw+F,LI-COR Default,,011,,,0.022532,2.919272,0.022359,0.274048,0.872402,0.864529,2.111471,1.239069,8.427397,8.504148,20.582552,0.441786,7.500000,PSF-00238_20250123144652_4a6,0.000000,0.000000,0.000000,82.410690,289.437469,0.715273,0.5,0.80,24.551256,1.000000,29.57,29.31,23.75,18.31,18.31,102.59,156.4,148.5,5.0,86,4.044,14:37:45,2025-01-23,-0.41,1,-0.002,0.000,-9999.000,0.384,1.064,-9999.000,1,150,0.005,2.000000,0.058905,0.000000,0.029230,0.000000,0.000000,-0.000068,standard,0,mpf,7000,500,5.000000,2.000000,300,300,300,280.218231,25,-6.343389,279.369965,280.350616,-0.980652,2.486073,2.433183,1.646084,0.911015,0.286706,-0.060773,0.223304,0.175877,82.410690,0.001001,2.433934,-0.000066,1.000000,2.383437,-0.000053,1.000000,0.601570,0.600478,0.107326,0.000000,PSF-00238_20250123144652_4a6,PFA-00249,PSA-00261,PSF-00238,RHS-00257,3.0.0,2021-01-19T12:57:14.097Z
12,14:47:00,2025-01-23,Auto gsw+F,LI-COR Default,,012,,,0.032439,2.919465,0.032082,0.413295,0.902348,0.890479,2.203902,1.301554,8.680235,8.795934,21.483252,0.441786,7.500000,PSF-00238_20250123144700_59d,0.000000,0.000000,0.000000,84.160568,302.110260,0.721424,0.5,0.80,14.564646,1.000000,30.70,30.30,23.69,18.99,18.99,102.59,156.4,142.8,8.7,50,4.044,14:37:45,2025-01-23,-0.41,1,0.001,-0.002,-9999.000,-0.042,0.177,-9999.000,1,150,0.005,2.000000,0.058905,0.000000,0.029230,0.000000,0.000000,-0.000068,standard,0,mpf,7000,500,5.000000,2.000000,300,300,300,292.279236,25,-6.907689,290.968536,292.215057,-1.246521,2.487687,2.434860,1.646284,0.896864,0.287424,-0.052477,0.223992,0.147646,84.160568,0.001029,2.433934,-0.000066,1.000000,2.383437,-0.000053,1.000000,0.601570,0.600478,0.107326,0.000000,PSF-00238_20250123144700_59d,PFA-00249,PSA-00261,PSF-00238,RHS-00257,3.0.0,2021-01-19T12:57:14.097Z
13,14:47:05,2025-01-23,Auto gsw+F,LI-COR Default,,013,,,0.019101,2.921860,0.018977,0.298960,0.917683,0.909115,2.506788,1.589105,8.862019,8.945539,24.436081,0.441786,7.500000,PSF-00238_20250123144705_56f,0.000000,0.000000,0.000000,88.096260,323.886719,0.728003,0.5,0.80,19.431019,1.000000,31.31,31.01,23.64,21.07,21.07,102.59,156.7,152.7,2.5,67,4.044,14:37:45,2025-01-23,-0.41,1,0.002,-0.001,-9999.000,-0.020,-0.210,-9999.000,1,150,0.005,2.000000,0.058905,0.000000,0.029230,0.000000,0.000000,-0.000068,standard,0,mpf,7000,500,5.000000,2.000000,300,300,300,311.356537,25,-8.745748,310.122742,311.358490,-1.235748,2.488842,2.435750,1.648786,0.921534,0.287914,-0.028661,0.224437,0.160632,88.096260,0.001021,2.433934,-0.000066,1.000000,2.383437,-0.000053,1.000000,0.601570,0.600478,0.107326,0.000000,PSF-00238_20250123144705_56f,PFA-00249,PSA-00261,PSF-00238,RHS-00257,3.0.0,2021-01-19T12:57:14.097Z
14,14:47:18,2025-01-23,Auto gsw+F,LI-COR Default,,014,,,0.052940,2.922632,0.051998,0.649338,0.997388,0.978803,2.258207,1.260819,9.540709,9.721863,22.011478,0.441786,7.500000,PSF-00238_20250123144718_0dc,0.000000,0.000000,0.000000,82.845566,409.963837,0.797920,0.5,0.80,7.511101,1.000000,34.22,33.58,23.55,19.38,19.38,102.59,156.8,143.4,8.6,24,4.043,14:37:45,2025-01-23,-0.41,1,0.004,-0.002,0.014,0.083,0.184,0.402,1,150,0.005,2.000000,0.058905,0.000000,0.029230,0.000000,0.000000,-0.000068,standard,0,mpf,7000,500,5.000000,2.000000,300,300,300,409.963837,25,4.358358,415.912628,416.207153,-0.294525,2.492948,2.439997,1.649596,0.898348,0.288995,-0.046552,0.225670,0.126126,82.845566,0.001004,2.433934,-0.000066,1.000000,2.383437,-0.000053,1.000000,0.601570,0.600478,0.107326,0.000000,PSF-00238_20250123144718_0dc,PFA-00249,PSA-00261,PSF-00238,RHS-00257,3.0.0,2021-01-19T12:57:14.097Z
15,14:47:23,2025-01-23,Auto gsw+F,LI-COR Default,,015,,,0.077326,2.921730,0.075332,1.018409,0.970316,0.941142,2.334787,1.364471,9.174466,9.458862,22.760033,0.441786,7.500000,PSF-00238_20250123144723_ac3,0.000000,0.000000,0.000000,95.381142,436.081421,0.781277,0.5,0.80,9.659446,1.000000,33.37,32.37,23.51,19.92,19.92,102.58,156.7,156.8,-0.1,31,4.043,14:37:45,2025-01-23,-0.41,1,0.004,0.001,-9999.000,-0.078,-0.222,-9999.000,1,150,0.005,2.000000,0.058905,0.000000,0.029230,0.000000,0.000000,-0.000068,standard,0,mpf,7000,500,5.000000,2.000000,300,300,300,436.081421,25,6.187344,444.614044,444.944733,-0.330688,2.491033,2.438782,1.648650,0.931734,0.289473,-0.040072,0.226104,0.132018,95.381142,0.001004,2.433934,-0.000066,1.000000,2.383437,-0.000053,1.000000,0.601570,0.600478,0.107326,0.000000,PSF-00238_20250123144723_ac3,PFA-00249,PSA-00261,PSF-00238,RHS-00257,3.0.0,2021-01-19T12:57:14.097Z
16,14:47:29,2025-01-23,Auto gsw+F,LI-COR Default,,016,,,0.067018,2.921777,0.065515,0.963724,0.952098,0.924484,2.436308,1.484210,9.011176,9.280340,23.747309,0.441786,7.500000,PSF-00238_20250123144729_40a,0.000000,0.000000,0.000000,89.954498,410.980255,0.781122,0.5,0.80,5.583158,1.000000,32.83,31.87,23.47,20.61,20.61,102.59,156.7,156.9,-0.1,18,4.042,14:37:45,2025-01-23,-0.41,1,-0.001,0.002,-9999.000,-0.251,-0.522,-9999.000,1,150,0.005,2.000000,0.058905,0.000000,0.029230,0.000000,0.000000,-0.000068,standard,0,mpf,7000,500,5.000000,2.000000,300,300,300,410.307159,25,-0.312089,414.974213,410.533203,4.441010,2.490252,2.437999,1.648700,0.931910,0.289948,-0.031853,0.226587,0.121601,89.954498,0.001013,2.433934,-0.000066,1.000000,2.383437,-0.000053,1.000000,0.601570,0.600478,0.107326,0.000000,PSF-00238_20250123144729_40a,PFA-00249,PSA-00261,PSF-00238,RHS-00257,3.0.0,2021-01-19T12:57:14.097Z
17,14:48:48,2025-01-23,Auto gsw+F,LI-COR Default,,017,,,0.096349,2.920635,0.093272,2.083674,0.913975,0.854194,3.160363,2.246388,8.326044,8.908750,30.804861,0.441786,7.500000,PSF-00238_20250123144848_c9b,0.000000,0.000000,0.000000,70.647957,136.859421,0.483792,0.5,0.80,312.481812,1.000000,32.04,29.94,23.19,24.90,24.90,102.59,156.6,155.5,0.7,1615,4.042,14:48:33,2025-01-23,-0.43,1,0.001,0.001,-9999.000,-1.442,-0.430,-9999.000,1,150,0.005,2.000000,0.058905,0.000000,0.029230,0.000000,0.000000,-0.000068,standard,0,mpf,7000,500,5.000000,2.000000,300,300,300,121.398926,25,-10.811522,120.024200,121.371994,-1.347794,2.487199,2.436926,1.647504,0.928383,0.293136,0.020921,0.234622,1.397300,70.647957,0.000999,2.433934,-0.000066,1.000000,2.383437,-0.000053,1.000000,0.601570,0.600478,0.107326,0.000000,PSF-00238_20250123144848_c9b,PFA-00249,PSA-00261,PSF-00238,RHS-00257,3.0.0,2021-01-19T12:57:14.097Z
18,14:49:00,2025-01-23,Auto gsw+F,LI-COR Default,,018,,,0.097163,2.921212,0.094036,2.172012,0.905342,0.843054,3.227096,2.321754,8.218125,8.825309,31.457850,0.441786,7.500000,PSF-00238_20250123144900_a29,0.000000,0.000000,0.000000,102.247597,150.815155,0.322034,0.5,0.80,238.067841,1.000000,31.80,29.61,23.16,25.25,25.25,102.58,156.6,157.2,-0.3,1848,4.042,14:48:33,2025-01-23,-0.43,1,-0.001,0.000,-9999.000,-0.935,-0.517,-9999.000,1,150,0.005,2.000000,0.058905,0.000000,0.029230,0.000000,0.000000,-0.000068,standard,0,mpf,7000,500,5.000000,2.000000,300,300,300,138.876205,25,-8.653210,136.736511,138.419495,-1.682983,2.486675,2.436588,1.648108,0.932612,0.293545,0.025491,0.235920,1.583760,102.247597,0.000985,2.433934,-0.000066,1.000000,2.383437,-0.000053,1.000000,0.601570,0.600478,0.107326,0.000000,PSF-00238_20250123144900_a29,PFA-00249,PSA-00261,PSF-00238,RHS-00257,3.0.0,2021-01-19T12:57:14.097Z
19,14:49:30,2025-01-23,Auto gsw+F,LI-COR Default,,019,,,0.065446,2.921721,0.064012,1.592221,0.878401,0.832750,3.376948,2.498548,8.118351,8.563393,32.921349,0.441786,7.500000,PSF-00238_20250123144930_d59,0.000000,0.000000,0.000000,205.175751,250.867615,0.182135,0.5,0.80,130.839767,1.000000,31.05,29.43,23.06,26.01,26.01,102.58,156.7,157.5,-0.5,1796,4.041,14:48:33,2025-01-23,-0.43,1,-0.000,-0.000,-0.002,-2.206,-4.940,-10.276,1,150,0.005,2.000000,0.058905,0.000000,0.029230,0.000000,0.000000,-0.000068,standard,0,mpf,7000,500,5.000000,2.000000,300,300,300,243.319275,25,-5.265593,242.799637,243.324692,-0.525055,2.486401,2.435499,1.648640,0.933605,0.294747,0.035830,0.239124,1.542023,205.175751,0.000995,2.433934,-0.000066,1.000000,2.383437,-0.000053,1.000000,0.601570,0.600478,0.107326,0.000000,PSF-00238_20250123144930_d59,PFA-00249,PSA-00261,PSF-00238,RHS-00257,3.0.0,2021-01-19T12:57:14.097Z
20,14:49:44,2025-01-23,Auto gsw+F,LI-COR Default,,020,,,0.126950,2.920001,0.121660,2.057143,0.928535,0.869498,2.633005,1.704471,8.475964,9.051455,25.666822,0.441786,7.500000,PSF-00238_20250123144944_f64,0.000000,0.000000,0.000000,87.995407,267.612122,0.671183,0.5,0.80,390.374084,1.000000,32.90,30.81,23.01,21.87,21.87,102.58,156.5,156.9,-0.3,1454,4.040,14:48:33,2025-01-23,-0.43,1,0.001,0.005,-9999.000,0.210,0.594,-9999.000,1,150,0.005,2.000000,0.058905,0.000000,0.029230,0.000000,0.000000,-0.000068,standard,0,mpf,7000,500,5.000000,2.000000,300,300,300,242.582565,25,-17.446133,240.061996,242.620667,-2.558670,2.488636,2.438222,1.646843,0.931954,0.295259,-0.012192,0.240537,1.268921,87.995407,0.001026,2.433934,-0.000066,1.000000,2.383437,-0.000053,1.000000,0.601570,0.600478,0.107326,0.000000,PSF-00238_20250123144944_f64,PFA-00249,PSA-00261,PSF-00238,RHS-00257,3.0.0,2021-01-19T12:57:14.097Z
21,14:50:05,2025-01-23,Auto gsw+F,LI-COR Default,,021,,,0.065850,2.922017,0.064399,1.287442,0.931486,0.894597,2.943658,2.012172,8.720293,9.079874,28.693979,0.441786,7.500000,PSF-00238_20250123145005_69a,0.000000,0.000000,0.000000,69.141983,161.259064,0.571237,0.5,0.80,386.886200,1.000000,33.17,31.85,22.93,23.71,23.71,102.59,156.7,143.3,8.6,1693,4.040,14:48:33,2025-01-23,-0.43,1,-0.000,-0.002,-9999.000,0.526,1.889,-9999.000,1,150,0.005,2.000000,0.058905,0.000000,0.029230,0.000000,0.000000,-0.000068,standard,0,mpf,7000,500,5.000000,2.000000,300,300,300,147.103073,25,-9.824450,147.022247,147.185608,-0.163361,2.490324,2.438621,1.648951,0.898180,0.296203,0.010019,0.242894,1.459965,69.141983,0.001011,2.433934,-0.000066,1.000000,2.383437,-0.000053,1.000000,0.601570,0.600478,0.107326,0.000000,PSF-00238_20250123145005_69a,PFA-00249,PSA-00261,PSF-00238,RHS-00257,3.0.0,2021-01-19T12:57:14.097Z
22,14:50:19,2025-01-23,Auto gsw+F,LI-COR Default,,022,,,0.097916,2.919776,0.094739,2.151932,0.944875,0.883112,3.227794,2.282919,8.607983,9.210002,31.462360,0.441786,7.500000,PSF-00238_20250123145019_5cc,0.000000,0.000000,0.000000,65.272812,187.586853,0.652040,0.5,0.80,319.293030,1.000000,33.71,31.51,22.90,25.25,25.25,102.59,156.5,141.0,9.9,1224,4.040,14:48:33,2025-01-23,-0.43,1,-0.002,-0.003,-9999.000,0.511,1.387,-9999.000,1,150,0.005,2.000000,0.058905,0.000000,0.029230,0.000000,0.000000,-0.000068,standard,0,mpf,7000,500,5.000000,2.000000,300,300,300,164.567108,25,-17.140394,165.197617,163.033356,2.164261,2.489776,2.439415,1.646609,0.892480,0.296595,0.028564,0.244225,1.085307,65.272812,0.001020,2.433934,-0.000066,1.000000,2.383437,-0.000053,1.000000,0.601570,0.600478,0.107326,0.000000,PSF-00238_20250123145019_5cc,PFA-00249,PSA-00261,PSF-00238,RHS-00257,3.0.0,2021-01-19T12:57:14.097Z
23,14:50:26,2025-01-23,Auto gsw+F,LI-COR Default,,023,,,0.088258,2.922143,0.085671,1.817363,0.943971,0.891907,3.077688,2.133718,8.693491,9.200966,29.998497,0.441786,7.500000,PSF-00238_20250123145026_de4,0.000000,0.000000,0.000000,60.346485,171.821747,0.648784,0.5,0.80,328.150360,1.000000,33.71,31.85,22.88,24.45,24.45,102.59,156.8,156.6,0.1,1264,4.039,14:48:33,2025-01-23,-0.43,1,0.002,-0.001,-9999.000,0.266,0.625,-9999.000,1,150,0.005,2.000000,0.058905,0.000000,0.029230,0.000000,0.000000,-0.000068,standard,0,mpf,7000,500,5.000000,2.000000,300,300,300,159.657242,25,-8.317533,163.366913,159.906937,3.459976,2.490335,2.439423,1.649083,0.931104,0.296798,0.019313,0.244885,1.117479,60.346485,0.000991,2.433934,-0.000066,1.000000,2.383437,-0.000053,1.000000,0.601570,0.600478,0.107326,0.000000,PSF-00238_20250123145026_de4,PFA-00249,PSA-00261,PSF-00238,RHS-00257,3.0.0,2021-01-19T12:57:14.097Z
24,14:50:53,2025-01-23,Auto gsw+F,LI-COR Default,,024,,,0.075858,2.920553,0.073937,1.703530,0.918061,0.869183,3.234082,2.316021,8.471834,8.948243,31.522266,0.441786,7.500000,PSF-00238_20250123145053_452,0.000000,0.000000,0.000000,158.703094,198.902451,0.202106,0.5,0.80,145.496353,1.000000,32.93,31.18,22.81,25.28,25.28,102.60,156.6,157.1,-0.4,1800,4.032,14:48:33,2025-01-23,-0.43,1,-0.001,0.000,0.001,-1.825,-4.394,-10.029,1,150,0.005,2.000000,0.058905,0.000000,0.029230,0.000000,0.000000,-0.000068,standard,0,mpf,7000,500,5.000000,2.000000,300,300,300,191.918854,25,-5.004309,191.016907,191.733810,-0.716904,2.489265,2.438301,1.647419,0.932605,0.297654,0.029998,0.247475,1.545091,158.703094,0.000997,2.433934,-0.000066,1.000000,2.383437,-0.000053,1.000000,0.601570,0.600478,0.107326,0.000000,PSF-00238_20250123145053_452,PFA-00249,PSA-00261,PSF-00238,RHS-00257,3.0.0,2021-01-19T12:57:14.097Z
25,14:57:03,2025-01-23,Auto gsw+F,LI-COR Default,,025,,,0.149951,2.922725,0.142634,3.069005,0.924905,0.837010,3.089152,2.164247,8.158671,9.015416,30.111189,0.441786,7.500000,PSF-00238_20250123145703_94c,0.000000,0.000000,0.000000,79.845070,142.218918,0.438576,0.5,0.80,295.047180,1.000000,32.39,29.31,23.21,24.52,24.52,102.59,156.8,157.2,-0.2,1682,4.031,14:48:33,2025-01-23,-0.43,1,0.002,0.003,-9999.000,0.200,0.444,-9999.000,1,150,0.005,2.000000,0.058905,0.000000,0.029230,0.000000,0.000000,-0.000068,standard,0,mpf,7000,500,5.000000,2.000000,300,300,300,126.888153,25,-10.660921,125.339630,126.947227,-1.607597,2.486181,2.437441,1.649694,0.932734,0.292967,0.016245,0.281108,1.450898,79.845070,0.001010,2.433934,-0.000066,1.000000,2.383437,-0.000053,1.000000,0.601570,0.600478,0.107326,0.000000,PSF-00238_20250123145703_94c,PFA-00249,PSA-00261,PSF-00238,RHS-00257,3.0.0,2021-01-19T12:57:14.097Z
26,14:57:20,2025-01-23,Auto gsw+F,LI-COR Default,,026,,,0.120649,2.921616,0.115864,2.137173,0.935905,0.874650,2.793863,1.857958,8.525519,9.122593,27.232756,0.441786,7.500000,PSF-00238_20250123145720_0ce,0.000000,0.000000,0.000000,95.178009,218.084503,0.563573,0.5,0.80,325.473999,1.000000,32.80,30.65,23.20,22.85,22.85,102.59,156.7,156.6,0.1,1444,4.030,14:48:33,2025-01-23,-0.43,1,-0.001,-0.000,-9999.000,1.133,2.746,-9999.000,1,150,0.005,2.000000,0.058905,0.000000,0.029230,0.000000,0.000000,-0.000068,standard,0,mpf,7000,500,5.000000,2.000000,300,300,300,201.964615,25,-11.108188,202.388412,202.172104,0.216309,2.488349,2.438040,1.648531,0.931172,0.293115,-0.003092,0.282558,1.260729,95.178009,0.000995,2.433934,-0.000066,1.000000,2.383437,-0.000053,1.000000,0.601570,0.600478,0.107326,0.000000,PSF-00238_20250123145720_0ce,PFA-00249,PSA-00261,PSF-00238,RHS-00257,3.0.0,2021-01-19T12:57:14.097Z
27,14:57:37,2025-01-23,Auto gsw+F,LI-COR Default,,027,,,0.073200,2.921399,0.071410,1.423289,0.903065,0.862255,2.909647,2.006582,8.405518,8.803347,28.364105,0.441786,7.500000,PSF-00238_20250123145737_6c3,0.000000,0.000000,0.000000,76.636795,120.744926,0.365300,0.5,0.80,238.913116,1.000000,31.70,30.27,23.17,23.52,23.52,102.58,156.7,152.4,2.7,1635,4.030,14:48:33,2025-01-23,-0.43,1,-0.001,-0.003,-9999.000,-1.260,-2.351,-9999.000,1,150,0.005,2.000000,0.058905,0.000000,0.029230,0.000000,0.000000,-0.000068,standard,0,mpf,7000,500,5.000000,2.000000,300,300,300,111.342072,25,-6.599229,110.322479,111.291580,-0.969101,2.487733,2.436441,1.648303,0.920678,0.293429,0.005021,0.284061,1.413512,76.636795,0.001025,2.433934,-0.000066,1.000000,2.383437,-0.000053,1.000000,0.601570,0.600478,0.107326,0.000000,PSF-00238_20250123145737_6c3,PFA-00249,PSA-00261,PSF-00238,RHS-00257,3.0.0,2021-01-19T12:57:14.097Z
28,14:58:03,2025-01-23,Auto gsw+F,LI-COR Default,,028,,,0.165154,2.923935,0.156325,2.666561,0.949548,0.873245,2.669254,1.719706,8.509049,9.252555,26.009655,0.441786,7.500000,PSF-00238_20250123145803_935,0.000000,0.000000,0.000000,71.329239,228.825546,0.688281,0.5,0.80,332.491211,1.000000,33.42,30.74,23.12,22.10,22.10,102.63,157.0,155.7,0.8,1208,4.030,14:48:33,2025-01-23,-0.43,1,-0.001,-0.001,-9999.000,0.031,0.155,-9999.000,1,150,0.005,2.000000,0.058905,0.000000,0.029230,0.000000,0.000000,-0.000068,standard,0,mpf,7000,500,5.000000,2.000000,300,300,300,201.880569,25,-18.398729,203.494186,202.469498,1.024689,2.488496,2.438955,1.650966,0.929054,0.293950,-0.010913,0.286372,1.072108,71.329239,0.001038,2.433934,-0.000066,1.000000,2.383437,-0.000053,1.000000,0.601570,0.600478,0.107326,0.000000,PSF-00238_20250123145803_935,PFA-00249,PSA-00261,PSF-00238,RHS-00257,3.0.0,2021-01-19T12:57:14.097Z
29,14:58:25,2025-01-23,Auto gsw+F,LI-COR Default,,029,,,0.158611,2.921474,0.150443,2.968504,0.962619,0.877523,2.948964,1.986345,8.550901,9.380106,28.735758,0.441786,7.500000,PSF-00238_20250123145825_780,0.000000,0.000000,0.000000,72.963951,183.008377,0.601308,0.5,0.80,383.506592,1.000000,33.93,30.93,23.10,23.74,23.74,102.62,156.7,157.2,-0.4,1594,4.029,14:48:33,2025-01-23,-0.43,1,0.001,0.000,0.008,-0.155,-0.119,1.349,1,150,0.005,2.000000,0.058905,0.000000,0.029230,0.000000,0.000000,-0.000068,standard,0,mpf,7000,500,5.000000,2.000000,300,300,300,160.675400,25,-15.668859,159.414413,160.562851,-1.148438,2.488815,2.439697,1.648382,0.932856,0.294234,0.008422,0.288190,1.381094,72.963951,0.001032,2.433934,-0.000066,1.000000,2.383437,-0.000053,1.000000,0.601570,0.600478,0.107326,0.000000,PSF-00238_20250123145825_780,PFA-00249,PSA-00261,PSF-00238,RHS-00257,3.0.0,2021-01-19T12:57:14.097Z
30,14:58:31,2025-01-23,Auto gsw+F,LI-COR Default,,030,,,0.152375,2.920070,0.144818,2.828711,0.944842,0.863652,2.911638,1.966796,8.416044,9.207216,28.373081,0.441786,7.500000,PSF-00238_20250123145831_58c,0.000000,0.000000,0.000000,65.614700,172.144440,0.618839,0.5,0.80,389.322021,1.000000,33.32,30.46,23.09,23.53,23.53,102.62,156.5,153.7,1.8,1573,4.029,14:48:33,2025-01-23,-0.43,1,-0.002,0.001,-9999.000,0.912,1.470,-9999.000,1,150,0.005,2.000000,0.058905,0.000000,0.029230,0.000000,0.000000,-0.000068,standard,0,mpf,7000,500,5.000000,2.000000,300,300,300,150.416855,25,-15.064640,151.468277,150.564453,0.903824,2.488052,2.438814,1.646915,0.923974,0.294324,0.006043,0.288599,1.363778,65.614700,0.001021,2.433934,-0.000066,1.000000,2.383437,-0.000053,1.000000,0.601570,0.600478,0.107326,0.000000,PSF-00238_20250123145831_58c,PFA-00249,PSA-00261,PSF-00238,RHS-00257,3.0.0,2021-01-19T12:57:14.097Z
31,14:59:06,2025-01-23,Auto gsw+F,LI-COR Default,,031,,,0.135017,2.921920,0.129053,2.462727,0.944543,0.873966,2.866332,1.921789,8.517168,9.204970,27.933620,0.441786,7.500000,PSF-00238_20250123145906_9e1,0.000000,0.000000,0.000000,67.674637,185.969589,0.636098,0.5,0.80,361.732819,1.000000,33.29,30.80,23.10,23.27,23.27,102.61,156.7,157.1,-0.3,1422,4.028,14:58:47,2025-01-23,-0.52,1,-0.000,-0.001,0.010,0.343,0.848,2.019,1,150,0.005,2.000000,0.058905,0.000000,0.029230,0.000000,0.000000,-0.000068,standard,0,mpf,7000,500,5.000000,2.000000,300,300,300,166.517258,25,-13.417102,169.083954,166.749680,2.334274,2.488599,2.438897,1.648850,0.932588,0.294183,0.002877,0.291495,1.243064,67.674637,0.001023,2.433934,-0.000066,1.000000,2.383437,-0.000053,1.000000,0.601570,0.600478,0.107326,0.000000,PSF-00238_20250123145906_9e1,PFA-00249,PSA-00261,PSF-00238,RHS-00257,3.0.0,2021-01-19T12:57:14.097Z
32,14:59:12,2025-01-23,Auto gsw+F,LI-COR Default,,032,,,0.105337,2.919809,0.101669,1.872747,0.950700,0.896950,2.806020,1.855319,8.742074,9.265946,27.348717,0.441786,7.500000,PSF-00238_20250123145912_284,0.000000,0.000000,0.000000,70.000290,199.767715,0.649592,0.5,0.80,386.297058,1.000000,33.51,31.61,23.10,22.92,22.92,102.60,156.5,155.4,0.7,1487,4.028,14:58:47,2025-01-23,-0.52,1,-0.002,-0.001,-9999.000,0.525,0.787,-9999.000,1,150,0.005,2.000000,0.058905,0.000000,0.029230,0.000000,0.000000,-0.000068,standard,0,mpf,7000,500,5.000000,2.000000,300,300,300,178.626175,25,-14.644590,181.130646,178.789444,2.341202,2.489908,2.439219,1.646643,0.928170,0.294215,-0.001171,0.291911,1.294996,70.000290,0.001027,2.433934,-0.000066,1.000000,2.383437,-0.000053,1.000000,0.601570,0.600478,0.107326,0.000000,PSF-00238_20250123145912_284,PFA-00249,PSA-00261,PSF-00238,RHS-00257,3.0.0,2021-01-19T12:57:14.097Z
33,14:59:19,2025-01-23,Auto gsw+F,LI-COR Default,,033,,,0.137930,2.922234,0.131713,2.414869,0.946815,0.877632,2.793747,1.846932,8.553381,9.227634,27.227777,0.441786,7.500000,PSF-00238_20250123145919_690,0.000000,0.000000,0.000000,69.722771,194.758850,0.642005,0.5,0.80,404.866150,1.000000,33.38,30.95,23.10,22.85,22.85,102.61,156.8,155.0,1.2,1577,4.028,14:58:47,2025-01-23,-0.52,1,-0.000,0.002,0.009,0.193,0.157,-0.278,1,150,0.005,2.000000,0.058905,0.000000,0.029230,0.000000,0.000000,-0.000068,standard,0,mpf,7000,500,5.000000,2.000000,300,300,300,177.356247,25,-11.921070,180.751923,177.682007,3.069916,2.488836,2.439041,1.649178,0.927091,0.294290,-0.001934,0.292470,1.366796,69.722771,0.001023,2.433934,-0.000066,1.000000,2.383437,-0.000053,1.000000,0.601570,0.600478,0.107326,0.000000,PSF-00238_20250123145919_690,PFA-00249,PSA-00261,PSF-00238,RHS-00257,3.0.0,2021-01-19T12:57:14.097Z
34,14:59:29,2025-01-23,Auto gsw+F,LI-COR Default,,034,,,0.092364,2.920714,0.089533,2.148950,0.932938,0.871296,3.344154,2.411216,8.492332,9.093143,32.594730,0.441786,7.500000,PSF-00238_20250123145929_a0d,0.000000,0.000000,0.000000,72.978615,163.823074,0.554528,0.5,0.80,356.648132,1.000000,32.91,30.74,23.09,25.85,25.85,102.60,156.6,144.7,7.6,1608,4.028,14:58:47,2025-01-23,-0.52,1,0.000,0.000,-9999.000,4.422,1.323,-9999.000,1,150,0.005,2.000000,0.058905,0.000000,0.029230,0.000000,0.000000,-0.000068,standard,0,mpf,7000,500,5.000000,2.000000,300,300,300,147.454254,25,-11.217963,148.618347,147.753418,0.864929,2.488503,2.438356,1.647587,0.901497,0.294386,0.033494,0.293238,1.391818,72.978615,0.001036,2.433934,-0.000066,1.000000,2.383437,-0.000053,1.000000,0.601570,0.600478,0.107326,0.000000,PSF-00238_20250123145929_a0d,PFA-00249,PSA-00261,PSF-00238,RHS-00257,3.0.0,2021-01-19T12:57:14.097Z
35,14:59:39,2025-01-23,Auto gsw+F,LI-COR Default,,035,,,0.098435,2.919432,0.095225,2.038078,0.937399,0.878876,3.090361,2.152962,8.565521,9.135886,30.118641,0.441786,7.500000,PSF-00238_20250123145939_5d4,0.000000,0.000000,0.000000,74.319717,174.909073,0.575095,0.5,0.80,391.581635,1.000000,33.07,31.01,23.09,24.52,24.52,102.61,156.4,157.3,-0.6,1702,4.027,14:58:47,2025-01-23,-0.52,1,0.002,0.004,-9999.000,0.871,1.307,-9999.000,1,150,0.005,2.000000,0.058905,0.000000,0.029230,0.000000,0.000000,-0.000068,standard,0,mpf,7000,500,5.000000,2.000000,300,300,300,153.915527,25,-14.695395,152.320145,153.858017,-1.537872,2.488938,2.438591,1.646250,0.932966,0.294407,0.017758,0.294049,1.467196,74.319717,0.001024,2.433934,-0.000066,1.000000,2.383437,-0.000053,1.000000,0.601570,0.600478,0.107326,0.000000,PSF-00238_20250123145939_5d4,PFA-00249,PSA-00261,PSF-00238,RHS-00257,3.0.0,2021-01-19T12:57:14.097Z
36,14:59:54,2025-01-23,Auto gsw+F,LI-COR Default,,036,,,0.051137,2.922105,0.050258,0.647787,0.912438,0.893874,2.214692,1.302254,8.712430,8.893377,21.586220,0.441786,7.500000,PSF-00238_20250123145954_2c6,0.000000,0.000000,0.000000,103.573677,339.460419,0.694887,0.5,0.80,34.189568,1.000000,32.20,31.54,23.08,19.07,19.07,102.60,156.8,157.5,-0.5,123,4.027,14:58:47,2025-01-23,-0.52,1,-0.001,0.004,-9999.000,0.869,2.368,-9999.000,1,150,0.005,2.000000,0.058905,0.000000,0.029230,0.000000,0.000000,-0.000068,standard,0,mpf,7000,500,5.000000,2.000000,300,300,300,324.807648,25,-10.309821,324.343445,324.691681,-0.348236,2.489799,2.437321,1.649044,0.933454,0.294454,-0.044605,0.295147,0.205590,103.573677,0.001032,2.433934,-0.000066,1.000000,2.383437,-0.000053,1.000000,0.601570,0.600478,0.107326,0.000000,PSF-00238_20250123145954_2c6,PFA-00249,PSA-00261,PSF-00238,RHS-00257,3.0.0,2021-01-19T12:57:14.097Z
37,15:00:13,2025-01-23,Auto gsw+F,LI-COR Default,,037,,,0.042625,2.920545,0.042012,0.616003,0.978494,0.960829,2.457718,1.479224,9.364534,9.536704,23.953669,0.441786,7.500000,PSF-00238_20250123150013_a64,0.000000,0.000000,0.000000,83.245399,312.358429,0.733494,0.5,0.80,25.641644,1.000000,34.63,34.01,23.03,20.75,20.75,102.60,156.6,142.4,9.0,87,4.024,14:58:47,2025-01-23,-0.52,1,-0.002,0.000,-9999.000,0.143,0.217,-9999.000,1,150,0.005,2.000000,0.058905,0.000000,0.029230,0.000000,0.000000,-0.000068,standard,0,mpf,7000,500,5.000000,2.000000,300,300,300,300.562256,25,-8.014516,301.194550,300.877686,0.316864,2.493728,2.440854,1.647411,0.895930,0.295024,-0.025210,0.296564,0.177143,83.245399,0.001022,2.433934,-0.000066,1.000000,2.383437,-0.000053,1.000000,0.601570,0.600478,0.107326,0.000000,PSF-00238_20250123150013_a64,PFA-00249,PSA-00261,PSF-00238,RHS-00257,3.0.0,2021-01-19T12:57:14.097Z
38,15:00:26,2025-01-23,Auto gsw+F,LI-COR Default,,038,,,0.055796,2.921592,0.054750,0.774318,0.991213,0.969028,2.418286,1.427073,9.443863,9.660075,23.567917,0.441786,7.500000,PSF-00238_20250123150026_189,0.000000,0.000000,0.000000,105.286003,373.379242,0.718019,0.5,0.80,36.505657,1.000000,35.13,34.34,23.01,20.49,20.49,102.61,156.7,156.6,0.0,127,4.026,14:58:47,2025-01-23,-0.52,1,0.003,0.002,-9999.000,0.151,0.609,-9999.000,1,150,0.005,2.000000,0.058905,0.000000,0.029230,0.000000,0.000000,-0.000068,standard,0,mpf,7000,500,5.000000,2.000000,300,300,300,373.379242,25,4.238603,384.538635,379.451019,5.087616,2.494257,2.441568,1.648505,0.931275,0.295265,-0.027937,0.297575,0.208866,105.286003,0.001018,2.433934,-0.000066,1.000000,2.383437,-0.000053,1.000000,0.601570,0.600478,0.107326,0.000000,PSF-00238_20250123150026_189,PFA-00249,PSA-00261,PSF-00238,RHS-00257,3.0.0,2021-01-19T12:57:14.097Z
39,15:00:36,2025-01-23,Auto gsw+F,LI-COR Default,,039,,,0.140484,2.921082,0.134038,2.652799,1.003158,0.927137,2.994190,1.991032,9.036470,9.777420,29.183281,0.441786,7.500000,PSF-00238_20250123150036_b51,0.000000,0.000000,0.000000,89.195251,203.764740,0.562264,0.5,0.80,291.526978,1.000000,35.57,32.87,23.00,24.00,24.00,102.60,156.6,157.5,-0.6,1296,4.026,14:58:47,2025-01-23,-0.52,1,0.001,-0.002,-9999.000,0.421,2.637,-9999.000,1,150,0.005,2.000000,0.058905,0.000000,0.029230,0.000000,0.000000,-0.000068,standard,0,mpf,7000,500,5.000000,2.000000,300,300,300,185.259827,25,-12.726695,185.172562,185.533844,-0.361282,2.491937,2.442207,1.647972,0.933590,0.295381,0.012522,0.298306,1.142834,89.195251,0.001035,2.433934,-0.000066,1.000000,2.383437,-0.000053,1.000000,0.601570,0.600478,0.107326,0.000000,PSF-00238_20250123150036_b51,PFA-00249,PSA-00261,PSF-00238,RHS-00257,3.0.0,2021-01-19T12:57:14.097Z
40,15:00:44,2025-01-23,Auto gsw+F,LI-COR Default,,040,,,0.090678,2.920466,0.087947,1.515063,0.944123,0.900661,2.680314,1.736191,8.778756,9.202379,26.125067,0.441786,7.500000,PSF-00238_20250123150044_844,0.000000,0.000000,0.000000,125.126122,356.879913,0.649389,0.5,0.80,195.960312,1.000000,33.48,31.93,23.00,22.16,22.16,102.60,156.5,155.4,0.8,754,4.026,14:58:47,2025-01-23,-0.52,1,-0.002,-0.002,-9999.000,-0.748,1.476,-9999.000,1,150,0.005,2.000000,0.058905,0.000000,0.029230,0.000000,0.000000,-0.000068,standard,0,mpf,7000,500,5.000000,2.000000,300,300,300,344.284424,25,-8.684055,346.295349,344.440063,1.855286,2.490439,2.439190,1.647329,0.928071,0.295376,-0.008728,0.298861,0.709994,125.126122,0.001039,2.433934,-0.000066,1.000000,2.383437,-0.000053,1.000000,0.601570,0.600478,0.107326,0.000000,PSF-00238_20250123150044_844,PFA-00249,PSA-00261,PSF-00238,RHS-00257,3.0.0,2021-01-19T12:57:14.097Z
41,15:00:58,2025-01-23,Auto gsw+F,LI-COR Default,,041,,,0.151991,2.921407,0.144475,2.521012,0.973945,0.901704,2.731795,1.757849,8.789221,9.493382,26.627752,0.441786,7.500000,PSF-00238_20250123150058_074,0.000000,0.000000,0.000000,70.226669,182.269684,0.614710,0.5,0.80,244.005661,1.000000,34.53,31.97,23.00,22.48,22.48,102.59,156.7,156.4,0.2,992,4.026,14:58:47,2025-01-23,-0.52,1,-0.000,-0.000,-0.026,0.231,0.232,0.811,1,150,0.005,2.000000,0.058905,0.000000,0.029230,0.000000,0.000000,-0.000068,standard,0,mpf,7000,500,5.000000,2.000000,300,300,300,167.290451,25,-10.340667,168.028595,167.456757,0.571838,2.490496,2.440715,1.648312,0.930775,0.295367,-0.005138,0.299967,0.900091,70.226669,0.001022,2.433934,-0.000066,1.000000,2.383437,-0.000053,1.000000,0.601570,0.600478,0.107326,0.000000,PSF-00238_20250123150058_074,PFA-00249,PSA-00261,PSF-00238,RHS-00257,3.0.0,2021-01-19T12:57:14.097Z
42,15:01:04,2025-01-23,Auto gsw+F,LI-COR Default,,042,,,0.138415,2.919331,0.132150,2.206037,0.955217,0.891885,2.637873,1.682655,8.693368,9.310678,25.711826,0.441786,7.500000,PSF-00238_20250123150104_068,0.000000,0.000000,0.000000,88.668106,282.321228,0.685932,0.5,0.80,274.376129,1.000000,33.87,31.63,23.00,21.90,21.90,102.59,156.4,154.5,1.2,1000,4.025,14:58:47,2025-01-23,-0.52,1,0.001,0.000,-9999.000,0.160,2.638,-9999.000,1,150,0.005,2.000000,0.058905,0.000000,0.029230,0.000000,0.000000,-0.000068,standard,0,mpf,7000,500,5.000000,2.000000,300,300,300,266.011475,25,-11.110003,267.533173,266.406219,1.126953,2.489945,2.439763,1.646145,0.925889,0.295390,-0.011717,0.300315,0.906203,88.668106,0.001025,2.433934,-0.000066,1.000000,2.383437,-0.000053,1.000000,0.601570,0.600478,0.107326,0.000000,PSF-00238_20250123150104_068,PFA-00249,PSA-00261,PSF-00238,RHS-00257,3.0.0,2021-01-19T12:57:14.097Z
43,15:01:26,2025-01-23,Auto gsw+F,LI-COR Default,,043,,,0.081389,2.921412,0.079183,1.680907,0.934071,0.885886,3.069369,2.135298,8.635254,9.104942,29.918943,0.441786,7.500000,PSF-00238_20250123150126_85c,0.000000,0.000000,0.000000,69.426300,196.049988,0.645875,0.5,0.80,394.749664,1.000000,33.12,31.41,23.00,24.41,24.41,102.59,156.7,156.9,-0.1,1528,4.025,14:58:47,2025-01-23,-0.52,1,0.003,0.002,-9999.000,0.000,0.175,-9999.000,1,150,0.005,2.000000,0.058905,0.000000,0.029230,0.000000,0.000000,-0.000068,standard,0,mpf,7000,500,5.000000,2.000000,300,300,300,178.595428,25,-11.781356,181.550858,179.173279,2.377579,2.489600,2.438673,1.648317,0.931930,0.295375,0.017375,0.302161,1.327968,69.426300,0.000994,2.433934,-0.000066,1.000000,2.383437,-0.000053,1.000000,0.601570,0.600478,0.107326,0.000000,PSF-00238_20250123150126_85c,PFA-00249,PSA-00261,PSF-00238,RHS-00257,3.0.0,2021-01-19T12:57:14.097Z
44,15:01:35,2025-01-23,Auto gsw+F,LI-COR Default,,044,,,0.112546,2.922808,0.108373,2.067275,0.935669,0.876472,2.856531,1.920862,8.543178,9.120179,27.843267,0.441786,7.500000,PSF-00238_20250123150135_62e,0.000000,0.000000,0.000000,67.712906,199.494247,0.660577,0.5,0.80,411.620361,1.000000,33.18,31.08,23.00,23.21,23.21,102.59,156.8,130.8,16.6,1558,4.025,14:58:47,2025-01-23,-0.52,1,-0.001,0.004,-9999.000,0.137,0.189,-9999.000,1,150,0.005,2.000000,0.058905,0.000000,0.029230,0.000000,0.000000,-0.000068,standard,0,mpf,7000,500,5.000000,2.000000,300,300,300,185.149307,25,-9.620322,187.995667,185.713211,2.282455,2.489064,2.438754,1.649781,0.867905,0.295371,0.003393,0.302734,1.351806,67.712906,0.001035,2.433934,-0.000066,1.000000,2.383437,-0.000053,1.000000,0.601570,0.600478,0.107326,0.000000,PSF-00238_20250123150135_62e,PFA-00249,PSA-00261,PSF-00238,RHS-00257,3.0.0,2021-01-19T12:57:14.097Z
45,15:01:50,2025-01-23,Auto gsw+F,LI-COR Default,,045,,,0.102826,2.923571,0.099333,2.312777,0.942747,0.876569,3.282141,2.339394,8.544532,9.189621,31.993349,0.441786,7.500000,PSF-00238_20250123150150_eb4,0.000000,0.000000,0.000000,56.158661,97.025909,0.421199,0.5,0.80,292.076599,1.000000,33.42,31.07,23.01,25.53,25.53,102.59,156.9,141.6,9.8,1734,4.025,14:58:47,2025-01-23,-0.52,1,0.000,-0.000,-9999.000,0.144,0.069,-9999.000,1,150,0.005,2.000000,0.058905,0.000000,0.029230,0.000000,0.000000,-0.000068,standard,0,mpf,7000,500,5.000000,2.000000,300,300,300,87.937477,25,-6.234520,88.766457,88.095001,0.671455,2.489061,2.439110,1.650583,0.893978,0.295341,0.030671,0.303885,1.492243,56.158661,0.001022,2.433934,-0.000066,1.000000,2.383437,-0.000053,1.000000,0.601570,0.600478,0.107326,0.000000,PSF-00238_20250123150150_eb4,PFA-00249,PSA-00261,PSF-00238,RHS-00257,3.0.0,2021-01-19T12:57:14.097Z
46,15:01:58,2025-01-23,Auto gsw+F,LI-COR Default,,046,,,0.128347,2.924313,0.122951,2.735907,0.961424,0.883197,3.197999,2.236574,8.608932,9.371452,31.172386,0.441786,7.500000,PSF-00238_20250123150158_d54,0.000000,0.000000,0.000000,78.750015,150.290039,0.476013,0.5,0.80,301.409515,1.000000,34.08,31.30,23.01,25.10,25.10,102.59,157.0,156.1,0.6,1583,4.025,14:58:47,2025-01-23,-0.52,1,0.000,-0.002,-9999.000,-0.021,0.511,-9999.000,1,150,0.005,2.000000,0.058905,0.000000,0.029230,0.000000,0.000000,-0.000068,standard,0,mpf,7000,500,5.000000,2.000000,300,300,300,133.353348,25,-11.706056,131.985062,133.521194,-1.536133,2.489426,2.440056,1.651364,0.929925,0.295298,0.025429,0.304485,1.371925,78.750015,0.001010,2.433934,-0.000066,1.000000,2.383437,-0.000053,1.000000,0.601570,0.600478,0.107326,0.000000,PSF-00238_20250123150158_d54,PFA-00249,PSA-00261,PSF-00238,RHS-00257,3.0.0,2021-01-19T12:57:14.097Z
47,15:02:05,2025-01-23,Auto gsw+F,LI-COR Default,,047,,,0.125667,2.922784,0.120487,2.561085,1.011029,0.937748,3.147485,2.136456,9.140806,9.855121,30.680458,0.441786,7.500000,PSF-00238_20250123150205_b56,0.000000,0.000000,0.000000,77.847000,187.744400,0.585356,0.5,0.80,366.716736,1.000000,35.84,33.24,23.01,24.83,24.83,102.59,156.8,157.0,-0.1,1566,4.024,14:58:47,2025-01-23,-0.52,1,0.001,0.000,-9999.000,0.919,-1.087,-9999.000,1,150,0.005,2.000000,0.058905,0.000000,0.029230,0.000000,0.000000,-0.000068,standard,0,mpf,7000,500,5.000000,2.000000,300,300,300,164.634354,25,-16.126106,163.705231,164.643860,-0.938629,2.492519,2.442591,1.649755,0.932346,0.295323,0.022288,0.304986,1.358521,77.847000,0.001019,2.433934,-0.000066,1.000000,2.383437,-0.000053,1.000000,0.601570,0.600478,0.107326,0.000000,PSF-00238_20250123150205_b56,PFA-00249,PSA-00261,PSF-00238,RHS-00257,3.0.0,2021-01-19T12:57:14.097Z
48,15:02:33,2025-01-23,Auto gsw+F,LI-COR Default,,048,,,0.160125,2.922621,0.151808,2.506416,0.986951,0.915213,2.650616,1.663665,8.921681,9.621003,25.838749,0.441786,7.500000,PSF-00238_20250123150233_ef1,0.000000,0.000000,0.000000,72.886703,204.019928,0.642747,0.5,0.80,53.983143,1.000000,34.99,32.45,23.00,21.98,21.98,102.58,156.8,144.6,7.8,210,4.024,14:58:47,2025-01-23,-0.52,1,-0.001,-0.001,0.011,0.078,0.282,-0.001,1,150,0.005,2.000000,0.058905,0.000000,0.029230,0.000000,0.000000,-0.000068,standard,0,mpf,7000,500,5.000000,2.000000,300,300,300,188.102249,25,-10.870492,189.874298,188.448029,1.426270,2.491264,2.441382,1.649585,0.901331,0.295380,-0.010822,0.307113,0.275064,72.886703,0.001029,2.433934,-0.000066,1.000000,2.383437,-0.000053,1.000000,0.601570,0.600478,0.107326,0.000000,PSF-00238_20250123150233_ef1,PFA-00249,PSA-00261,PSF-00238,RHS-00257,3.0.0,2021-01-19T12:57:14.097Z
49,15:03:04,2025-01-23,Auto gsw+F,LI-COR Default,,049,,,0.152390,2.920172,0.144832,1.997300,0.937205,0.879896,2.329442,1.392236,8.576819,9.135447,22.706322,0.441786,7.500000,PSF-00238_20250123150304_a63,0.000000,0.000000,0.000000,75.448395,196.998123,0.617010,0.5,0.80,62.563301,1.000000,33.36,31.32,22.94,19.88,19.88,102.59,156.5,146.0,6.7,253,3.994,14:58:47,2025-01-23,-0.52,1,-0.000,0.003,-9999.000,0.407,0.582,-9999.000,1,150,0.005,2.000000,0.058905,0.000000,0.029230,0.000000,0.000000,-0.000068,standard,0,mpf,7000,500,5.000000,2.000000,300,300,300,190.475464,25,-4.387390,190.267685,190.713211,-0.445526,2.489464,2.439031,1.647022,0.904721,0.296125,-0.033901,0.309504,0.309834,75.448395,0.001033,2.433934,-0.000066,1.000000,2.383437,-0.000053,1.000000,0.601570,0.600478,0.107326,0.000000,PSF-00238_20250123150304_a63,PFA-00249,PSA-00261,PSF-00238,RHS-00257,3.0.0,2021-01-19T12:57:14.097Z
50,15:03:21,2025-01-23,Auto gsw+F,LI-COR Default,,050,,,0.161633,2.921750,0.153160,2.561702,0.895609,0.822173,2.582255,1.686646,8.014862,8.730746,25.172836,0.441786,7.500000,PSF-00238_20250123150321_f60,0.000000,0.000000,0.000000,100.165131,142.957413,0.299336,0.5,0.80,200.525482,1.000000,31.96,29.34,22.90,21.55,21.55,102.58,156.7,143.4,8.5,1675,4.020,14:58:47,2025-01-23,-0.52,1,0.001,0.002,0.001,-1.800,-4.328,-10.441,1,150,0.005,2.000000,0.058905,0.000000,0.029230,0.000000,0.000000,-0.000068,standard,0,mpf,7000,500,5.000000,2.000000,300,300,300,135.555267,25,-5.290996,134.711273,135.378098,-0.666824,2.486285,2.437009,1.648671,0.898467,0.296648,-0.014470,0.310748,1.445232,100.165131,0.000985,2.433934,-0.000066,1.000000,2.383437,-0.000053,1.000000,0.601570,0.600478,0.107326,0.000000,PSF-00238_20250123150321_f60,PFA-00249,PSA-00261,PSF-00238,RHS-00257,3.0.0,2021-01-19T12:57:14.097Z