s,kW/m2,kg/m2/s,kW/m2,C,kW/m2,kW/m3,kW/m3,kW/m2,C
Time,"U","burn","con","gas","gauge","hrrpuv","qr","rad","temp"
 0.0000000E+000, 1.6750494E+000, 0.0000000E+000, 0.0000000E+000, 2.0000000E+001,-1.6467159E-006, 0.0000000E+000,-1.5062906E-006,-1.4820024E-006, 2.0000000E+001
 2.0612660E-001, 1.7980044E+000, 0.0000000E+000,-9.4112530E-006, 2.0003454E+001, 2.3939316E-002, 0.0000000E+000, 1.3349148E-002, 2.1421296E-002, 2.0043729E+001
 4.1225320E-001, 1.9244735E+000, 0.0000000E+000,-1.7393861E-005, 2.0088001E+001, 4.9268226E-002, 0.0000000E+000, 2.6880114E-002, 4.3737982E-002, 2.0161754E+001
 6.1837980E-001, 2.2311977E+000, 0.0000000E+000, 4.6866566E-004, 2.0672617E+001, 1.1604940E-001, 0.0000000E+000, 5.8747688E-002, 1.0258203E-001, 2.0286564E+001
 8.2450640E-001, 2.5379219E+000, 0.0000000E+000, 4.7459598E-003, 2.3180163E+001, 1.8741084E-001, 0.0000000E+000, 8.5709017E-002, 1.6084623E-001, 2.0629024E+001
 1.0306330E+000, 4.1600834E+000, 0.0000000E+000, 2.4377600E-002, 3.0885788E+001, 5.3575629E-001, 0.0000000E+000, 2.4130507E-001, 4.4914275E-001, 2.1768385E+001
 1.2367596E+000, 5.4165170E+000, 0.0000000E+000, 8.2331146E-002, 4.7758261E+001, 8.3100591E-001, 0.0000000E+000, 3.0376543E-001, 6.4891065E-001, 2.3341901E+001
 1.4428862E+000, 6.6729507E+000, 0.0000000E+000, 1.7732130E-001, 6.9842741E+001, 1.1683580E+000, 0.0000000E+000, 3.4406832E-001, 8.4554458E-001, 2.5614926E+001
 1.6490128E+000, 9.3537772E+000, 0.0000000E+000, 2.2918879E-001, 7.8180143E+001, 1.7265801E+000, 0.0000000E+000, 5.7483779E-001, 1.2699210E+000, 2.9103082E+001
 1.8551394E+000, 1.0853840E+001, 0.0000000E+000, 1.9448406E-001, 7.1527744E+001, 1.9978949E+000, 0.0000000E+000, 7.4574575E-001, 1.5154159E+000, 3.2256451E+001
 2.0293471E+000, 1.2353903E+001, 0.0000000E+000, 1.3947500E-001, 6.4970801E+001, 2.2452947E+000, 0.0000000E+000, 9.1508949E-001, 1.7618992E+000, 3.5197724E+001
 2.2517486E+000, 1.5151316E+001, 0.0000000E+000, 1.1480778E-001, 6.6876478E+001, 2.8193789E+000, 0.0000000E+000, 1.1811043E+000, 2.2626131E+000, 3.9635965E+001
 2.4326722E+000, 1.7783781E+001, 0.0000000E+000, 1.1783972E-001, 7.3082097E+001, 3.3503161E+000, 0.0000000E+000, 1.4155454E+000, 2.6838123E+000, 4.4820546E+001
 2.6135957E+000, 1.9653228E+001, 0.0000000E+000, 1.1258042E-001, 7.6697493E+001, 3.6809059E+000, 0.0000000E+000, 1.5842825E+000, 2.9411690E+000, 4.9531697E+001
 2.8548271E+000, 2.0931578E+001, 1.2801514E-019, 1.0087918E-001, 7.9935665E+001, 3.8875989E+000, 0.0000000E+000, 1.6964379E+000, 3.0838836E+000, 5.4775888E+001
 3.0357506E+000, 2.1691558E+001, 5.7628714E-019, 8.1341336E-002, 8.0342241E+001, 3.9995259E+000, 8.9874686E-006, 1.7689308E+000, 3.1566887E+000, 5.9592202E+001
 3.2166741E+000, 2.2251998E+001, 1.1777598E-018, 5.1427372E-002, 7.5622427E+001, 4.0567484E+000, 1.0105691E-004, 1.8415889E+000, 3.2157206E+000, 6.2560352E+001
 3.4579055E+000, 2.2812460E+001, 2.8350667E-018, 2.0163312E-002, 7.2846418E+001, 4.1025577E+000, 7.9552600E-004, 1.9065505E+000, 3.2623936E+000, 6.6470760E+001
 3.6388290E+000, 2.3240640E+001, 6.2995432E-018, 2.1197726E-002, 7.7484413E+001, 4.1664470E+000, 3.9908601E-003, 1.9309488E+000, 3.2840836E+000, 7.0151585E+001
 3.8197526E+000, 2.3540388E+001, 1.0906839E-017, 2.7953968E-002, 8.2416836E+001, 4.2258518E+000, 1.3843034E-002, 1.9410331E+000, 3.2965559E+000, 7.2706593E+001
 4.0006761E+000, 2.3800636E+001, 2.1612286E-017, 2.5872191E-002, 8.4099422E+001, 4.2645617E+000, 4.0848175E-002, 1.9598118E+000, 3.3021291E+000, 7.5785222E+001
 4.2419075E+000, 2.4079193E+001, 4.0708589E-017, 1.3766845E-002, 8.2667909E+001, 4.2955077E+000, 1.2477275E-001, 1.9931213E+000, 3.3139640E+000, 7.8685935E+001
 4.4228310E+000, 2.4378163E+001, 7.1633582E-017,-2.6866279E-004, 8.0145051E+001, 4.3328377E+000, 3.1940743E-001, 2.0332239E+000, 3.3242449E+000, 8.1521178E+001
 4.6037545E+000, 2.4579586E+001, 1.2512035E-016,-1.1336730E-002, 7.9346746E+001, 4.3541650E+000, 6.7076645E-001, 2.0578687E+000, 3.3195546E+000, 8.4193990E+001
 4.8449859E+000, 2.4807862E+001, 2.1479600E-016,-1.1472679E-002, 8.2360613E+001, 4.3807313E+000, 1.5084967E+000, 2.0738724E+000, 3.3187133E+000, 8.6841070E+001
 5.0259094E+000, 2.5031674E+001, 3.5293620E-016,-5.1578721E-003, 8.7422687E+001, 4.4201253E+000, 3.0725584E+000, 8.8350471E-001, 3.3231230E+000, 8.9447441E+001
 5.2068330E+000, 2.5282769E+001, 5.7990210E-016,-9.1434699E-003, 8.7808240E+001, 4.4715421E+000, 5.2357488E+000,-2.2642013E+000, 3.3351509E+000, 9.2080234E+001
 5.4480643E+000, 2.5592441E+001, 9.5263851E-016,-1.9971238E-002, 8.6437307E+001, 4.5226168E+000, 9.1589133E+000,-3.8687496E+000, 3.3535639E+000, 9.4638456E+001
 5.6289879E+000, 2.5921904E+001, 1.5128209E-015,-3.0415568E-002, 8.5687804E+001, 4.5774164E+000, 1.5043039E+001,-5.1705967E+000, 3.3754414E+000, 9.7174547E+001
 5.8099114E+000, 2.6243700E+001, 2.3995610E-015,-3.3383218E-002, 8.7652572E+001, 4.6397856E+000, 2.2157292E+001,-6.2342726E+000, 3.3986690E+000, 9.9774359E+001
 6.0571736E+000, 2.6603336E+001, 3.8699475E-015,-2.1223094E-002, 9.5260045E+001, 4.7169967E+000, 3.3565792E+001,-8.5735109E+000, 3.4287222E+000, 1.0250164E+002
 6.2561894E+000, 2.7019762E+001, 6.0902789E-015,-9.6824395E-003, 1.0164926E+002, 4.8189465E+000, 4.7528058E+001,-1.0998243E+001, 3.4681353E+000, 1.0540747E+002
 6.4552053E+000, 2.7355565E+001, 1.0132362E-014,-1.3947262E-002, 1.0297728E+002, 4.8990926E+000, 5.9913611E+001,-1.2912213E+001, 3.4904745E+000, 1.0830464E+002
 6.6542212E+000, 2.7700229E+001, 1.5045668E-014,-6.5837845E-003, 1.0910822E+002, 4.9719814E+000, 7.4615259E+001,-1.6350740E+001, 3.5191376E+000, 1.1075051E+002
 6.8532371E+000, 2.8122857E+001, 2.4727705E-014,-1.2280755E-003, 1.1229140E+002, 5.0700052E+000, 8.8730341E+001,-1.9156845E+001, 3.5543662E+000, 1.1369326E+002
 7.0522530E+000, 2.8541226E+001, 3.6468865E-014,-1.0335770E-003, 1.1659277E+002, 5.1685897E+000, 1.0325221E+002,-2.3175954E+001, 3.6056526E+000, 1.1622976E+002
 7.2294580E+000, 2.9037364E+001, 5.9528045E-014, 1.7736633E-002, 1.2486940E+002, 5.2972934E+000, 1.1937388E+002,-2.8831895E+001, 3.6644804E+000, 1.1922850E+002
 7.4511908E+000, 2.9632374E+001, 9.4668618E-014, 6.4062499E-003, 1.2270405E+002, 5.4509150E+000, 1.3145739E+002,-3.0491000E+001, 3.7467485E+000, 1.2213111E+002
 7.6174904E+000, 3.0166917E+001, 1.4390327E-013,-2.4862148E-004, 1.2542787E+002, 5.5546062E+000, 1.4278619E+002,-3.3637789E+001, 3.8115882E+000, 1.2489941E+002
 7.8093340E+000, 3.0755334E+001, 2.2803884E-013, 1.3999700E-002, 1.3181587E+002, 5.7063900E+000, 1.5804214E+002,-3.8779983E+001, 3.8887770E+000, 1.2797945E+002
 8.0011776E+000, 3.1319032E+001, 3.6231255E-013,-3.6131047E-003, 1.2929023E+002, 5.8614865E+000, 1.6734044E+002,-3.9577735E+001, 3.9686559E+000, 1.3117717E+002
 8.2122056E+000, 3.1867308E+001, 5.7857489E-013, 1.1917366E-002, 1.3956088E+002, 5.9670274E+000, 1.7984082E+002,-4.6918368E+001, 4.0274232E+000, 1.3445238E+002
 8.4016853E+000, 3.2425743E+001, 9.4285814E-013, 2.9158040E-002, 1.4579777E+002, 6.1291722E+000, 1.9737250E+002,-5.2178691E+001, 4.0821656E+000, 1.3784692E+002
 8.6385349E+000, 3.2989855E+001, 1.5942026E-012, 7.5511710E-003, 1.4316396E+002, 6.2450906E+000, 2.0193486E+002,-5.1079834E+001, 4.1368671E+000, 1.4137882E+002
 8.8280147E+000, 3.3471593E+001, 2.5603142E-012, 5.6028233E-003, 1.4568438E+002, 6.3488200E+000, 2.1307788E+002,-5.3890083E+001, 4.1827374E+000, 1.4472341E+002
 9.0174944E+000, 3.3719325E+001, 3.9024802E-012,-1.7708297E-002, 1.4107317E+002, 6.3991888E+000, 2.1592522E+002,-5.0825383E+001, 4.1760845E+000, 1.4758872E+002
 9.2069741E+000, 3.3941649E+001, 5.8054675E-012,-5.0679302E-003, 1.4950648E+002, 6.4256818E+000, 2.2523434E+002,-5.8468496E+001, 4.1661882E+000, 1.5031008E+002
 9.4438237E+000, 3.4294102E+001, 8.8241983E-012,-1.2156951E-003, 1.5192047E+002, 6.5316755E+000, 2.3548900E+002,-6.1181337E+001, 4.1863295E+000, 1.5333330E+002
 9.6333035E+000, 3.4616075E+001, 1.3496880E-011,-2.6193893E-002, 1.4751200E+002, 6.5805312E+000, 2.3394648E+002,-5.7412601E+001, 4.1966403E+000, 1.5635234E+002
 9.8227832E+000, 3.4825297E+001, 1.9280900E-011,-4.0078113E-002, 1.4606732E+002, 6.6248246E+000, 2.3827041E+002,-5.4752201E+001, 4.1918625E+000, 1.5892412E+002
 1.0012263E+001, 3.4930337E+001, 2.7199936E-011,-3.7447798E-002, 1.5049683E+002, 6.6406934E+000, 2.4307646E+002,-5.9461987E+001, 4.1652353E+000, 1.6139439E+002
 1.0201743E+001, 3.5102524E+001, 3.7931109E-011,-1.9795651E-002, 1.5689673E+002, 6.6812011E+000, 2.5352405E+002,-6.5736049E+001, 4.1491270E+000, 1.6383245E+002
 1.0438592E+001, 3.5310758E+001, 5.5137650E-011,-5.1994303E-002, 1.4980582E+002, 6.7283376E+000, 2.5137496E+002,-5.9165317E+001, 4.1379729E+000, 1.6650216E+002
 1.0628072E+001, 3.5472044E+001, 7.6995338E-011,-6.3584746E-002, 1.4991554E+002, 6.7406090E+000, 2.5256191E+002,-5.8117229E+001, 4.1152803E+000, 1.6894090E+002
 1.0817552E+001, 3.5593425E+001, 1.0333156E-010,-4.0790934E-002, 1.5903369E+002, 6.7726380E+000, 2.6333787E+002,-6.6499592E+001, 4.0937784E+000, 1.7121716E+002
 1.1007031E+001, 3.5740090E+001, 1.3853382E-010,-3.7098407E-002, 1.6138485E+002, 6.8131082E+000, 2.6765685E+002,-6.9953971E+001, 4.0773995E+000, 1.7346687E+002
 1.1243881E+001, 3.6018764E+001, 1.8964512E-010,-6.6841771E-002, 1.5495577E+002, 6.8743238E+000, 2.6646917E+002,-6.3635932E+001, 4.0819144E+000, 1.7582676E+002
 1.1433361E+001, 3.6197949E+001, 2.5880650E-010,-7.1891411E-002, 1.5726722E+002, 6.8987266E+000, 2.6980736E+002,-6.4687480E+001, 4.0662142E+000, 1.7829066E+002
 1.1602392E+001, 3.6319923E+001, 3.3774897E-010,-5.1925038E-002, 1.6417911E+002, 6.9267431E+000, 2.8000721E+002,-7.1883260E+001, 4.0455125E+000, 1.8035326E+002
 1.1813680E+001, 3.6472902E+001, 4.4674025E-010,-6.3161045E-002, 1.6232124E+002, 6.9620363E+000, 2.7752505E+002,-7.0963222E+001, 4.0279014E+000, 1.8249414E+002
 1.2024969E+001, 3.6670183E+001, 5.8665646E-010,-9.7384707E-002, 1.5565652E+002, 6.9957161E+000, 2.7484533E+002,-6.3644454E+001, 4.0159686E+000, 1.8457660E+002
 1.2236257E+001, 3.6680420E+001, 7.7597860E-010,-9.0684699E-002, 1.6039869E+002, 6.9908024E+000, 2.8145732E+002,-6.7487469E+001, 3.9680523E+000, 1.8678394E+002
 1.2405288E+001, 3.6710929E+001, 9.7666623E-010,-7.0279641E-002, 1.6690398E+002, 6.9913073E+000, 2.8731093E+002,-7.5009131E+001, 3.9298059E+000, 1.8864501E+002
 1.2616577E+001, 3.6921999E+001, 1.2236187E-009,-8.8123709E-002, 1.6304172E+002, 7.0420351E+000, 2.8455077E+002,-7.1561956E+001, 3.9303213E+000, 1.9042780E+002
 1.2827865E+001, 3.7121723E+001, 1.5820085E-009,-1.1825606E-001, 1.5930394E+002, 7.0982103E+000, 2.8143420E+002,-6.6704185E+001, 3.9222683E+000, 1.9253830E+002
 1.3039154E+001, 3.7129683E+001, 1.9958622E-009,-1.0053673E-001, 1.6567374E+002, 7.0859301E+000, 2.8941052E+002,-7.2213873E+001, 3.8739563E+000, 1.9445730E+002
 1.3208185E+001, 3.7172682E+001, 2.4787326E-009,-9.2386802E-002, 1.6798802E+002, 7.0933098E+000, 2.9366758E+002,-7.5606280E+001, 3.8422607E+000, 1.9624386E+002
 1.3419474E+001, 3.7305806E+001, 3.0591429E-009,-1.3129902E-001, 1.6107569E+002, 7.1401381E+000, 2.8891476E+002,-6.8651587E+001, 3.8291280E+000, 1.9786963E+002
 1.3630762E+001, 3.7322131E+001, 3.7542653E-009,-1.4434509E-001, 1.6155596E+002, 7.1488414E+000, 2.8917472E+002,-6.7850014E+001, 3.7932482E+000, 1.9952792E+002
 1.3842051E+001, 3.7308654E+001, 4.6617704E-009,-1.1907801E-001, 1.6791430E+002, 7.1348047E+000, 2.9552456E+002,-7.4841682E+001, 3.7433124E+000, 2.0135937E+002
 1.4023759E+001, 3.7390122E+001, 5.5975328E-009,-1.4184113E-001, 1.6364843E+002, 7.1574551E+000, 2.9129338E+002,-7.1375984E+001, 3.7200591E+000, 2.0285023E+002
 1.4209693E+001, 3.7442442E+001, 6.5887053E-009,-1.7351993E-001, 1.5968822E+002, 7.1762979E+000, 2.8963385E+002,-6.6592715E+001, 3.6985713E+000, 2.0414562E+002
 1.4422924E+001, 3.7500077E+001, 7.8481907E-009,-1.4967465E-001, 1.6665907E+002, 7.1824283E+000, 2.9899756E+002,-7.3489657E+001, 3.6707514E+000, 2.0566287E+002
 1.4631359E+001, 3.7596374E+001, 9.5929319E-009,-1.4366000E-001, 1.6822337E+002, 7.1995690E+000, 2.9867888E+002,-7.6400393E+001, 3.6430855E+000, 2.0739369E+002
 1.4839793E+001, 3.7764719E+001, 1.1427092E-008,-1.8441796E-001, 1.6166936E+002, 7.2458064E+000, 2.9426618E+002,-6.9826798E+001, 3.6404929E+000, 2.0881621E+002
 1.5006541E+001, 3.7819859E+001, 1.3386029E-008,-1.9062300E-001, 1.6295024E+002, 7.2574876E+000, 2.9642551E+002,-6.9985681E+001, 3.6151274E+000, 2.1019306E+002
 1.5214976E+001, 3.7751772E+001, 1.5681097E-008,-1.7601695E-001, 1.6654481E+002, 7.2376851E+000, 3.0053314E+002,-7.3977404E+001, 3.5628749E+000, 2.1155174E+002
 1.5423410E+001, 3.7764739E+001, 1.8363863E-008,-2.0040654E-001, 1.6254798E+002, 7.2402622E+000, 2.9810644E+002,-7.0844270E+001, 3.5298872E+000, 2.1277742E+002
 1.5606833E+001, 3.7810444E+001, 2.1135763E-008,-2.1932325E-001, 1.6117854E+002, 7.2501474E+000, 2.9568850E+002,-6.8772913E+001, 3.5069941E+000, 2.1397115E+002
 1.5836111E+001, 3.7852465E+001, 2.4547177E-008,-1.9718978E-001, 1.6671351E+002, 7.2588238E+000, 3.0227230E+002,-7.3707430E+001, 3.4799636E+000, 2.1535552E+002
 1.6019533E+001, 3.7932349E+001, 2.8454692E-008,-1.9815546E-001, 1.6684774E+002, 7.2768690E+000, 3.0417431E+002,-7.4587116E+001, 3.4602110E+000, 2.1668124E+002
 1.6202956E+001, 3.8011337E+001, 3.2456731E-008,-2.2727388E-001, 1.6269827E+002, 7.2935511E+000, 3.0060872E+002,-7.0474942E+001, 3.4439227E+000, 2.1776251E+002
 1.6432234E+001, 3.8114698E+001, 3.7222466E-008,-2.2423267E-001, 1.6564899E+002, 7.3147220E+000, 3.0218925E+002,-7.2461155E+001, 3.4300733E+000, 2.1900226E+002
 1.6615656E+001, 3.8203491E+001, 4.3017939E-008,-2.0075048E-001, 1.7010532E+002, 7.3335640E+000, 3.0600465E+002,-7.7205922E+001, 3.4095323E+000, 2.2042968E+002
 1.6844934E+001, 3.8249763E+001, 4.9858188E-008,-2.4860932E-001, 1.6228761E+002, 7.3404929E+000, 3.0031423E+002,-6.8968864E+001, 3.3805538E+000, 2.2158994E+002
 1.7028357E+001, 3.8167011E+001, 5.6472838E-008,-2.8032061E-001, 1.5912171E+002, 7.3159129E+000, 2.9765413E+002,-6.4886449E+001, 3.3336183E+000, 2.2251154E+002
 1.7211779E+001, 3.8111449E+001, 6.2708914E-008,-2.3595419E-001, 1.6819683E+002, 7.3005615E+000, 3.0438168E+002,-7.3568166E+001, 3.2917211E+000, 2.2349364E+002
 1.7441057E+001, 3.8096947E+001, 7.0652231E-008,-2.5489185E-001, 1.6359817E+002, 7.2916421E+000, 2.9914419E+002,-7.0024898E+001, 3.2554752E+000, 2.2446561E+002
 1.7624480E+001, 3.8019658E+001, 7.9113288E-008,-3.2115205E-001, 1.5500408E+002, 7.2645515E+000, 2.9140859E+002,-6.1146245E+001, 3.2147436E+000, 2.2516981E+002
 1.7807902E+001, 3.7991620E+001, 8.6142316E-008,-2.8726617E-001, 1.6204258E+002, 7.2601679E+000, 2.9839036E+002,-6.7300711E+001, 3.1869714E+000, 2.2595742E+002
 1.8037180E+001, 3.7954109E+001, 9.5839031E-008,-2.7204575E-001, 1.6389876E+002, 7.2482825E+000, 2.9814403E+002,-7.0646236E+001, 3.1467178E+000, 2.2693080E+002
 1.8220603E+001, 3.7921488E+001, 1.0585282E-007,-3.2671264E-001, 1.5542549E+002, 7.2331052E+000, 2.9204779E+002,-6.2601212E+001, 3.1178214E+000, 2.2758213E+002
 1.8404025E+001, 3.7962028E+001, 1.1454277E-007,-3.2104697E-001, 1.5870886E+002, 7.2432041E+000, 2.9522157E+002,-6.4951517E+001, 3.1079802E+000, 2.2826650E+002
 1.8633303E+001, 3.8027745E+001, 1.2561809E-007,-2.8460728E-001, 1.6457818E+002, 7.2613340E+000, 3.0019026E+002,-7.1269228E+001, 3.0921972E+000, 2.2927814E+002
 1.8816725E+001, 3.8039978E+001, 1.3943196E-007,-3.2371980E-001, 1.5836826E+002, 7.2591495E+000, 2.9478944E+002,-6.6472312E+001, 3.0679983E+000, 2.3010597E+002
 1.9000148E+001, 3.8132294E+001, 1.5119805E-007,-3.3750075E-001, 1.5835293E+002, 7.2781773E+000, 2.9663701E+002,-6.5612768E+001, 3.0678566E+000, 2.3077894E+002
 1.9229426E+001, 3.8264770E+001, 1.6624125E-007,-2.9759865E-001, 1.6517635E+002, 7.3128009E+000, 3.0369220E+002,-7.1755182E+001, 3.0638864E+000, 2.3187369E+002
 1.9412848E+001, 3.8311034E+001, 1.8367067E-007,-3.1653471E-001, 1.6201403E+002, 7.3218507E+000, 3.0060698E+002,-6.9094008E+001, 3.0455136E+000, 2.3279170E+002
 1.9642127E+001, 3.8364319E+001, 2.0163735E-007,-3.2442796E-001, 1.6295269E+002, 7.3312137E+000, 3.0419705E+002,-6.9241289E+001, 3.0305628E+000, 2.3361118E+002
 1.9825549E+001, 3.8565151E+001, 2.2182608E-007,-2.8212010E-001, 1.7025133E+002, 7.3806388E+000, 3.1229058E+002,-7.6494277E+001, 3.0404066E+000, 2.3470988E+002
 2.0008971E+001, 3.8677634E+001, 2.4314270E-007,-3.0281514E-001, 1.6656456E+002, 7.4041318E+000, 3.0902242E+002,-7.3121980E+001, 3.0339569E+000, 2.3563586E+002
 2.0238249E+001, 3.8735626E+001, 2.6880341E-007,-3.3432966E-001, 1.6361589E+002, 7.4141956E+000, 3.0949858E+002,-6.8650756E+001, 3.0200992E+000, 2.3647637E+002
 2.0421672E+001, 3.8839861E+001, 2.9410923E-007,-2.7969641E-001, 1.7450543E+002, 7.4411282E+000, 3.2118512E+002,-7.9076435E+001, 3.0103353E+000, 2.3752724E+002
 2.0605094E+001, 3.8988112E+001, 3.2197807E-007,-2.7253818E-001, 1.7458094E+002, 7.4730157E+000, 3.2057754E+002,-8.0418650E+001, 3.0078755E+000, 2.3851084E+002
 2.0834372E+001, 3.9084009E+001, 3.5513071E-007,-3.3017764E-001, 1.6616189E+002, 7.4914569E+000, 3.1380431E+002,-7.0246150E+001, 3.0021625E+000, 2.3931184E+002
 2.1017795E+001, 3.9158372E+001, 3.8882659E-007,-2.9850991E-001, 1.7435820E+002, 7.5103126E+000, 3.2472063E+002,-7.6950463E+001, 2.9893779E+000, 2.4027696E+002
 2.1201217E+001, 3.9303476E+001, 4.2348760E-007,-2.4714102E-001, 1.8171573E+002, 7.5423997E+000, 3.3095822E+002,-8.5967427E+001, 2.9846131E+000, 2.4134383E+002
 2.1421168E+001, 3.9372295E+001, 4.6937913E-007,-3.0522322E-001, 1.7245785E+002, 7.5556509E+000, 3.2578511E+002,-7.6044786E+001, 2.9683981E+000, 2.4220290E+002
 2.1627129E+001, 3.9503255E+001, 5.1378210E-007,-3.0867283E-001, 1.7488925E+002, 7.5865342E+000, 3.2976504E+002,-7.7304953E+001, 2.9714491E+000, 2.4303532E+002
 2.1833089E+001, 3.9649890E+001, 5.6540758E-007,-2.3937856E-001, 1.8676839E+002, 7.6194130E+000, 3.4057794E+002,-9.0878097E+001, 2.9628073E+000, 2.4428845E+002
 2.2039049E+001, 3.9897899E+001, 6.2390629E-007,-2.6623046E-001, 1.8143719E+002, 7.6771223E+000, 3.3761589E+002,-8.5439096E+001, 2.9806458E+000, 2.4531243E+002
 2.2203817E+001, 4.0096006E+001, 6.8211562E-007,-3.1795105E-001, 1.7528449E+002, 7.7216460E+000, 3.3431234E+002,-7.7078141E+001, 2.9950411E+000, 2.4614253E+002
 2.2409777E+001, 4.0062528E+001, 7.4230673E-007,-2.7169486E-001, 1.8443348E+002, 7.7118362E+000, 3.4350614E+002,-8.6752691E+001, 2.9553603E+000, 2.4710940E+002
 2.2615738E+001, 4.0135484E+001, 8.1388221E-007,-2.3755085E-001, 1.9013395E+002, 7.7273151E+000, 3.4839397E+002,-9.4640750E+001, 2.9379281E+000, 2.4811069E+002
 2.2827615E+001, 4.0361911E+001, 8.9734109E-007,-2.9443010E-001, 1.8047052E+002, 7.7814463E+000, 3.4103186E+002,-8.2732221E+001, 2.9550536E+000, 2.4904741E+002
 2.3027773E+001, 4.0354139E+001, 9.7658716E-007,-3.2729118E-001, 1.7745904E+002, 7.7753944E+000, 3.3791402E+002,-7.8830768E+001, 2.9274818E+000, 2.4974250E+002
 2.3227930E+001, 4.0114872E+001, 1.0582396E-006,-2.8172081E-001, 1.8563120E+002, 7.7196441E+000, 3.4280142E+002,-8.8260382E+001, 2.8504209E+000, 2.5051933E+002
 2.3436094E+001, 4.0169985E+001, 1.1383471E-006,-2.7845116E-001, 1.8542027E+002, 7.7284111E+000, 3.4151885E+002,-8.9392790E+001, 2.8373318E+000, 2.5115151E+002
 2.3612233E+001, 4.0275883E+001, 1.2171623E-006,-3.4523728E-001, 1.7475205E+002, 7.7484204E+000, 3.3236557E+002,-7.5863883E+001, 2.8400854E+000, 2.5170609E+002
 2.3832406E+001, 4.0083647E+001, 1.2973219E-006,-3.6581453E-001, 1.7377814E+002, 7.6968855E+000, 3.3054958E+002,-7.4930301E+001, 2.7826333E+000, 2.5209272E+002
 2.4008544E+001, 3.9871171E+001, 1.3705029E-006,-3.2056607E-001, 1.8141469E+002, 7.6463464E+000, 3.3560863E+002,-8.4296097E+001, 2.7178200E+000, 2.5256717E+002
 2.4228718E+001, 3.9867747E+001, 1.4479297E-006,-3.2824128E-001, 1.7894238E+002, 7.6431104E+000, 3.3267749E+002,-8.3698938E+001, 2.7017971E+000, 2.5296381E+002
 2.4404856E+001, 3.9955383E+001, 1.5270906E-006,-3.9113070E-001, 1.6964754E+002, 7.6548209E+000, 3.2563250E+002,-7.2364175E+001, 2.7074505E+000, 2.5330956E+002
 2.4625029E+001, 3.9825392E+001, 1.6021850E-006,-3.9800276E-001, 1.7043123E+002, 7.6204776E+000, 3.2435011E+002,-7.3168017E+001, 2.6671460E+000, 2.5363278E+002
 2.4801168E+001, 3.9700196E+001, 1.6763560E-006,-3.5411834E-001, 1.7736075E+002, 7.5956423E+000, 3.2811807E+002,-8.1639444E+001, 2.6247978E+000, 2.5408044E+002
 2.5021341E+001, 3.9735029E+001, 1.7583831E-006,-3.8073916E-001, 1.7194741E+002, 7.5990382E+000, 3.2170696E+002,-7.6801835E+001, 2.6189667E+000, 2.5441821E+002
 2.5228122E+001, 3.9759974E+001, 1.8464723E-006,-4.4245766E-001, 1.6407065E+002, 7.5886626E+000, 3.1824461E+002,-6.7531276E+001, 2.6107672E+000, 2.5466037E+002
 2.5425973E+001, 3.9598192E+001, 1.9183676E-006,-4.0947977E-001, 1.7047105E+002, 7.5493411E+000, 3.2277442E+002,-7.3997857E+001, 2.5603092E+000, 2.5497211E+002
 2.5631739E+001, 3.9566233E+001, 2.0033148E-006,-3.7950438E-001, 1.7404638E+002, 7.5470007E+000, 3.2166654E+002,-7.8422983E+001, 2.5391891E+000, 2.5539423E+002
 2.5805848E+001, 3.9673210E+001, 2.0810459E-006,-4.2720126E-001, 1.6634060E+002, 7.5628419E+000, 3.1597078E+002,-7.0786521E+001, 2.5517719E+000, 2.5566013E+002
 2.6023485E+001, 3.9673376E+001, 2.1584123E-006,-4.4480798E-001, 1.6568812E+002, 7.5571865E+000, 3.1576956E+002,-6.9923033E+001, 2.5407664E+000, 2.5594997E+002
 2.6241122E+001, 3.9600626E+001, 2.2567237E-006,-4.0172948E-001, 1.7210902E+002, 7.5486183E+000, 3.2049831E+002,-7.6406285E+001, 2.5091708E+000, 2.5645031E+002
 2.6415231E+001, 3.9579390E+001, 2.3502228E-006,-4.3016239E-001, 1.6696551E+002, 7.5352945E+000, 3.1512003E+002,-7.1780795E+001, 2.4912179E+000, 2.5672298E+002
 2.6632868E+001, 3.9567222E+001, 2.4309046E-006,-4.6916722E-001, 1.6281727E+002, 7.5232187E+000, 3.1387017E+002,-6.6998800E+001, 2.4829940E+000, 2.5685694E+002
 2.6806977E+001, 3.9558122E+001, 2.5089285E-006,-4.1787706E-001, 1.7102556E+002, 7.5305013E+000, 3.2002460E+002,-7.4634508E+001, 2.4681517E+000, 2.5727571E+002
 2.7024614E+001, 3.9583353E+001, 2.6119921E-006,-4.1636586E-001, 1.7024536E+002, 7.5350875E+000, 3.1664901E+002,-7.4849239E+001, 2.4565690E+000, 2.5770043E+002
 2.7242251E+001, 3.9633601E+001, 2.7177105E-006,-4.6819091E-001, 1.6348085E+002, 7.5354412E+000, 3.1120415E+002,-6.7618551E+001, 2.4582145E+000, 2.5791873E+002
 2.7416360E+001, 3.9671281E+001, 2.8082574E-006,-4.3415595E-001, 1.6970955E+002, 7.5503012E+000, 3.1678952E+002,-7.2813873E+001, 2.4529313E+000, 2.5833684E+002
 2.7633997E+001, 3.9692896E+001, 2.9229655E-006,-4.2436104E-001, 1.7017165E+002, 7.5550900E+000, 3.1551184E+002,-7.4289156E+001, 2.4386914E+000, 2.5880123E+002
 2.7808107E+001, 3.9667747E+001, 3.0337421E-006,-4.7611135E-001, 1.6284259E+002, 7.5360004E+000, 3.0864384E+002,-6.6673381E+001, 2.4237652E+000, 2.5896936E+002
 2.8025743E+001, 3.9694430E+001, 3.1237313E-006,-4.6067829E-001, 1.6702322E+002, 7.5416005E+000, 3.1327517E+002,-6.9704815E+001, 2.4182479E+000, 2.5923932E+002
 2.8243380E+001, 3.9748742E+001, 3.2508788E-006,-4.1913667E-001, 1.7208449E+002, 7.5611960E+000, 3.1619891E+002,-7.5661994E+001, 2.4094044E+000, 2.5980999E+002
 2.8417490E+001, 3.9797735E+001, 3.3760181E-006,-4.6390595E-001, 1.6552145E+002, 7.5608321E+000, 3.1216885E+002,-6.9155135E+001, 2.4065024E+000, 2.6006699E+002
 2.8635126E+001, 3.9905058E+001, 3.4859980E-006,-4.4120975E-001, 1.7109282E+002, 7.5904876E+000, 3.1979462E+002,-7.3646254E+001, 2.4177352E+000, 2.6045900E+002
 2.8833655E+001, 4.0070711E+001, 3.6481487E-006,-3.8470971E-001, 1.7886406E+002, 7.6394219E+000, 3.3081327E+002,-8.2660688E+001, 2.4269563E+000, 2.6125203E+002
 2.9039031E+001, 4.0297486E+001, 3.8270716E-006,-4.1269535E-001, 1.7471835E+002, 7.6847382E+000, 3.2760051E+002,-7.8797649E+001, 2.4512408E+000, 2.6179775E+002
 2.9209532E+001, 4.0492454E+001, 3.9981726E-006,-3.9708079E-001, 1.7914960E+002, 7.7399072E+000, 3.3540386E+002,-8.1958262E+001, 2.4780236E+000, 2.6247685E+002
 2.9422659E+001, 4.0718660E+001, 4.2190137E-006,-3.4244769E-001, 1.8766377E+002, 7.8002524E+000, 3.4804708E+002,-9.2040435E+001, 2.4950228E+000, 2.6340428E+002
 2.9635785E+001, 4.0982081E+001, 4.4960167E-006,-3.6321671E-001, 1.8415820E+002, 7.8527585E+000, 3.4610063E+002,-8.8170750E+001, 2.5142563E+000, 2.6420485E+002
 2.9806286E+001, 4.1226986E+001, 4.7611420E-006,-3.7014901E-001, 1.8528745E+002, 7.9127122E+000, 3.4727594E+002,-8.7904054E+001, 2.5432220E+000, 2.6496347E+002
 3.0019413E+001, 4.1433815E+001, 5.0587936E-006,-3.2256937E-001, 1.9323779E+002, 7.9638089E+000, 3.5647446E+002,-9.6937085E+001, 2.5531905E+000, 2.6595108E+002
 3.0232539E+001, 4.1592449E+001, 5.4230205E-006,-3.4330669E-001, 1.8929967E+002, 7.9930505E+000, 3.5321612E+002,-9.2590508E+001, 2.5493781E+000, 2.6676273E+002
 3.0403040E+001, 4.1687954E+001, 5.7571909E-006,-3.8919447E-001, 1.8368636E+002, 8.0067730E+000, 3.4897482E+002,-8.5523096E+001, 2.5457083E+000, 2.6728309E+002
 3.0616167E+001, 4.1672347E+001, 6.0664348E-006,-3.5223049E-001, 1.9098121E+002, 7.9998723E+000, 3.5540677E+002,-9.3171083E+001, 2.5157239E+000, 2.6790986E+002
 3.0829293E+001, 4.1722760E+001, 6.4242855E-006,-3.2452894E-001, 1.9446697E+002, 8.0155379E+000, 3.5887471E+002,-9.9075860E+001, 2.5029642E+000, 2.6860121E+002
 3.1042420E+001, 4.1801867E+001, 6.8195807E-006,-4.0225959E-001, 1.8239552E+002, 8.0247505E+000, 3.4827151E+002,-8.4211959E+001, 2.4996446E+000, 2.6904195E+002
 3.1212921E+001, 4.1683354E+001, 7.1061800E-006,-4.1315020E-001, 1.8291090E+002, 7.9915010E+000, 3.4967383E+002,-8.3706189E+001, 2.4616669E+000, 2.6930818E+002
 3.1426047E+001, 4.1564065E+001, 7.3844657E-006,-3.4703227E-001, 1.9324580E+002, 7.9679796E+000, 3.5749449E+002,-9.7037482E+001, 2.4186251E+000, 2.6977531E+002
 3.1639173E+001, 4.1566080E+001, 7.7524149E-006,-3.9378351E-001, 1.8443616E+002, 7.9594964E+000, 3.4824399E+002,-8.6974100E+001, 2.4014283E+000, 2.7008237E+002
 3.1809675E+001, 4.1536596E+001, 8.0072639E-006,-4.3772081E-001, 1.7955351E+002, 7.9464736E+000, 3.4358796E+002,-7.9763176E+001, 2.3919406E+000, 2.7017863E+002
 3.2022801E+001, 4.1493414E+001, 8.2462083E-006,-3.7102751E-001, 1.9085832E+002, 7.9445538E+000, 3.5568465E+002,-9.2520096E+001, 2.3693277E+000, 2.7061827E+002
 3.2225536E+001, 4.1484976E+001, 8.6106519E-006,-3.6951296E-001, 1.8950713E+002, 7.9446542E+000, 3.5543454E+002,-9.2797255E+001, 2.3514302E+000, 2.7106520E+002
 3.2412685E+001, 4.1610299E+001, 8.9206291E-006,-4.3363637E-001, 1.8011847E+002, 7.9630835E+000, 3.4676626E+002,-8.1336358E+001, 2.3682251E+000, 2.7123012E+002
 3.2637264E+001, 4.1526494E+001, 9.2099127E-006,-4.2451811E-001, 1.8339374E+002, 7.9419493E+000, 3.4870553E+002,-8.4600562E+001, 2.3379210E+000, 2.7153668E+002
 3.2824413E+001, 4.1404965E+001, 9.5338750E-006,-3.7623029E-001, 1.8991847E+002, 7.9245806E+000, 3.5272541E+002,-9.2867467E+001, 2.3031027E+000, 2.7190183E+002
 3.3022791E+001, 4.1550887E+001, 9.8233697E-006,-4.4334443E-001, 1.7843963E+002, 7.9465475E+000, 3.4052730E+002,-8.0186636E+001, 2.3237204E+000, 2.7208224E+002
 3.3228655E+001, 4.1416576E+001, 1.0085457E-005,-4.9930971E-001, 1.7272658E+002, 7.9019286E+000, 3.3354935E+002,-7.3393281E+001, 2.2932763E+000, 2.7206068E+002
 3.3434519E+001, 4.1181415E+001, 1.0294502E-005,-4.1379941E-001, 1.8626554E+002, 7.8599786E+000, 3.4384970E+002,-8.7784350E+001, 2.2346013E+000, 2.7231229E+002
 3.3640382E+001, 4.1275987E+001, 1.0591809E-005,-4.0491321E-001, 1.8544774E+002, 7.8724900E+000, 3.4368941E+002,-8.7109274E+001, 2.2338843E+000, 2.7259062E+002
 3.3805073E+001, 4.1353125E+001, 1.0836333E-005,-4.9843923E-001, 1.7138133E+002, 7.8749679E+000, 3.2919523E+002,-7.0611348E+001, 2.2495237E+000, 2.7257731E+002
 3.4010937E+001, 4.1092160E+001, 1.0999415E-005,-5.1455510E-001, 1.7123450E+002, 7.8055244E+000, 3.2650987E+002,-6.9675750E+001, 2.1933753E+000, 2.7250394E+002
 3.4216801E+001, 4.0679000E+001, 1.1154815E-005,-4.7225962E-001, 1.7666194E+002, 7.7058083E+000, 3.2642527E+002,-7.5898556E+001, 2.0989335E+000, 2.7235938E+002
 3.4422665E+001, 4.0537187E+001, 1.1240990E-005,-4.8015964E-001, 1.7431900E+002, 7.6726468E+000, 3.2706677E+002,-7.4371455E+001, 2.0785344E+000, 2.7215873E+002
 3.4628529E+001, 4.0506576E+001, 1.1293308E-005,-5.5465436E-001, 1.6400106E+002, 7.6522134E+000, 3.1998275E+002,-6.4201571E+001, 2.0854268E+000, 2.7186505E+002
 3.4834392E+001, 4.0199653E+001, 1.1288781E-005,-5.5055228E-001, 1.6606825E+002, 7.5832978E+000, 3.2058777E+002,-6.6699292E+001, 2.0331451E+000, 2.7160767E+002
 3.5040256E+001, 4.0078573E+001, 1.1297045E-005,-4.7706997E-001, 1.7545523E+002, 7.5746712E+000, 3.2876525E+002,-7.7479158E+001, 2.0114058E+000, 2.7161290E+002
 3.5204947E+001, 4.0327071E+001, 1.1371682E-005,-4.7713452E-001, 1.7468084E+002, 7.6322445E+000, 3.3063879E+002,-7.7885768E+001, 2.0579082E+000, 2.7177960E+002
 3.5410811E+001, 4.0560629E+001, 1.1495503E-005,-5.1544890E-001, 1.6988247E+002, 7.6852052E+000, 3.3176698E+002,-7.2945650E+001, 2.1070424E+000, 2.7195982E+002
 3.5616675E+001, 4.0727246E+001, 1.1703131E-005,-4.5442796E-001, 1.8013492E+002, 7.7440178E+000, 3.4684803E+002,-8.4224050E+001, 2.1308539E+000, 2.7252051E+002
 3.5822539E+001, 4.1076692E+001, 1.2039267E-005,-4.0767311E-001, 1.8619903E+002, 7.8265270E+000, 3.5071702E+002,-9.2048234E+001, 2.1727341E+000, 2.7322472E+002
 3.6028403E+001, 4.1484627E+001, 1.2505477E-005,-4.5597164E-001, 1.7952616E+002, 7.9198298E+000, 3.4569123E+002,-8.4166754E+001, 2.2384568E+000, 2.7389623E+002
 3.6234266E+001, 4.1728805E+001, 1.2966943E-005,-4.3979869E-001, 1.8385680E+002, 7.9783145E+000, 3.5380428E+002,-8.7527434E+001, 2.2642333E+000, 2.7459121E+002
 3.6440130E+001, 4.1763269E+001, 1.3558668E-005,-4.1727951E-001, 1.8657390E+002, 7.9876610E+000, 3.5732263E+002,-9.0554333E+001, 2.2424538E+000, 2.7527984E+002
 3.6604821E+001, 4.1741155E+001, 1.4045917E-005,-4.6872104E-001, 1.7876189E+002, 7.9709900E+000, 3.4580795E+002,-8.1839711E+001, 2.2242788E+000, 2.7549983E+002
 3.6810685E+001, 4.1686929E+001, 1.4415128E-005,-4.8435200E-001, 1.7776644E+002, 7.9492295E+000, 3.4133067E+002,-7.9532868E+001, 2.2022603E+000, 2.7564070E+002
 3.7016549E+001, 4.1449686E+001, 1.4794009E-005,-4.7901557E-001, 1.7842715E+002, 7.8986096E+000, 3.4246294E+002,-8.0376023E+001, 2.1502755E+000, 2.7575795E+002
 3.7222413E+001, 4.1173459E+001, 1.5077625E-005,-5.1378155E-001, 1.7264689E+002, 7.8184406E+000, 3.3629091E+002,-7.5102203E+001, 2.0892874E+000, 2.7558291E+002
 3.7428277E+001, 4.0972017E+001, 1.5210937E-005,-5.5549880E-001, 1.6756665E+002, 7.7553367E+000, 3.3006549E+002,-7.0127439E+001, 2.0542893E+000, 2.7522480E+002
 3.7634140E+001, 4.0733232E+001, 1.5247166E-005,-5.3469761E-001, 1.7052100E+002, 7.7056572E+000, 3.2866202E+002,-7.3294886E+001, 2.0130454E+000, 2.7503471E+002
 3.7840004E+001, 4.0552166E+001, 1.5292196E-005,-5.5255219E-001, 1.6693521E+002, 7.6516023E+000, 3.2362276E+002,-7.0246901E+001, 1.9772950E+000, 2.7477703E+002
 3.8004695E+001, 4.0437635E+001, 1.5273605E-005,-5.9068869E-001, 1.6205277E+002, 7.6181110E+000, 3.2258235E+002,-6.5212940E+001, 1.9685657E+000, 2.7444214E+002
 3.8210559E+001, 4.0329910E+001, 1.5215484E-005,-5.5648426E-001, 1.6735921E+002, 7.6027657E+000, 3.2586280E+002,-7.0143153E+001, 1.9524856E+000, 2.7434254E+002
 3.8416423E+001, 4.0295873E+001, 1.5232038E-005,-5.4441508E-001, 1.6792057E+002, 7.5975217E+000, 3.2323333E+002,-7.1911080E+001, 1.9456393E+000, 2.7430702E+002
 3.8622287E+001, 4.0379805E+001, 1.5265861E-005,-5.6297562E-001, 1.6561722E+002, 7.6179265E+000, 3.2047735E+002,-6.9478483E+001, 1.9704488E+000, 2.7427710E+002
 3.8828150E+001, 4.0503593E+001, 1.5339575E-005,-5.6568334E-001, 1.6527932E+002, 7.6454291E+000, 3.2154118E+002,-6.8978134E+001, 1.9919090E+000, 2.7439390E+002
 3.9034014E+001, 4.0416560E+001, 1.5451053E-005,-5.8185024E-001, 1.6322003E+002, 7.6190792E+000, 3.2154041E+002,-6.7862890E+001, 1.9708089E+000, 2.7440435E+002
 3.9211057E+001, 4.0385652E+001, 1.5525765E-005,-5.7547557E-001, 1.6433085E+002, 7.6055142E+000, 3.1942955E+002,-6.9033611E+001, 1.9584248E+000, 2.7436323E+002
 3.9437507E+001, 4.0400611E+001, 1.5594393E-005,-5.7329590E-001, 1.6438960E+002, 7.6096958E+000, 3.2084221E+002,-6.9212173E+001, 1.9608890E+000, 2.7439464E+002
 3.9618667E+001, 4.0447547E+001, 1.5681925E-005,-5.7144684E-001, 1.6486144E+002, 7.6231107E+000, 3.2317580E+002,-6.9845518E+001, 1.9704343E+000, 2.7446813E+002
 3.9845118E+001, 4.0515600E+001, 1.5802962E-005,-5.6324988E-001, 1.6606406E+002, 7.6384000E+000, 3.2694292E+002,-7.0523502E+001, 1.9769060E+000, 2.7462437E+002
 4.0026278E+001, 4.0541967E+001, 1.5968675E-005,-5.5434877E-001, 1.6754989E+002, 7.6437727E+000, 3.3064561E+002,-7.1599737E+001, 1.9736789E+000, 2.7478350E+002
 4.0207438E+001, 4.0598951E+001, 1.6130505E-005,-5.3506117E-001, 1.7039179E+002, 7.6640777E+000, 3.3615540E+002,-7.4557945E+001, 1.9806678E+000, 2.7499615E+002
 4.0433888E+001, 4.0759968E+001, 1.6376260E-005,-5.1070755E-001, 1.7398150E+002, 7.7158308E+000, 3.4461788E+002,-7.8665489E+001, 2.0093424E+000, 2.7536348E+002
 4.0615048E+001, 4.0964233E+001, 1.6700532E-005,-4.7965678E-001, 1.7902428E+002, 7.7804679E+000, 3.5482424E+002,-8.4613946E+001, 2.0436693E+000, 2.7588775E+002
 4.0841499E+001, 4.1433283E+001, 1.7157762E-005,-4.4212923E-001, 1.8518422E+002, 7.8886856E+000, 3.6498295E+002,-9.1531534E+001, 2.1083857E+000, 2.7664129E+002
 4.1022659E+001, 4.1903723E+001, 1.7811893E-005,-4.1707500E-001, 1.8916909E+002, 8.0055348E+000, 3.7215302E+002,-9.5860063E+001, 2.1760396E+000, 2.7762471E+002
 4.1203819E+001, 4.2390244E+001, 1.8563180E-005,-4.1304127E-001, 1.9056043E+002, 8.1328865E+000, 3.7633601E+002,-9.6679414E+001, 2.2561459E+000, 2.7850775E+002
 4.1430269E+001, 4.2704441E+001, 1.9589391E-005,-3.9563159E-001, 1.9457348E+002, 8.2018581E+000, 3.8576915E+002,-1.0054831E+002, 2.2753204E+000, 2.7961081E+002
 4.1611429E+001, 4.3146907E+001, 2.0708363E-005,-3.5516978E-001, 2.0209926E+002, 8.2984159E+000, 3.9834058E+002,-1.1052214E+002, 2.3198819E+000, 2.8068363E+002
 4.1837879E+001, 4.3524920E+001, 2.1986614E-005,-3.6257551E-001, 2.0052117E+002, 8.3882713E+000, 3.9538574E+002,-1.0667725E+002, 2.3608857E+000, 2.8172542E+002
 4.2019040E+001, 4.3678642E+001, 2.3421928E-005,-3.8623794E-001, 1.9861022E+002, 8.4161918E+000, 3.9281928E+002,-1.0147712E+002, 2.3524851E+000, 2.8257480E+002
 4.2230791E+001, 4.3686365E+001, 2.4774870E-005,-3.7805478E-001, 2.0011437E+002, 8.4221884E+000, 3.9870960E+002,-1.0225152E+002, 2.3299466E+000, 2.8327047E+002
 4.2420496E+001, 4.3406501E+001, 2.6064041E-005,-4.0946634E-001, 1.9520929E+002, 8.3405108E+000, 3.9095853E+002,-9.4982466E+001, 2.2432159E+000, 2.8357810E+002
 4.2610200E+001, 4.3114061E+001, 2.6995892E-005,-4.2672723E-001, 1.9332352E+002, 8.2580097E+000, 3.8373213E+002,-9.1700139E+001, 2.1707557E+000, 2.8351899E+002
 4.2837845E+001, 4.2778677E+001, 2.7660507E-005,-4.3489466E-001, 1.9166827E+002, 8.1853698E+000, 3.8210321E+002,-8.9669313E+001, 2.1091365E+000, 2.8345231E+002
 4.3000991E+001, 4.2388477E+001, 2.8135118E-005,-4.7787016E-001, 1.8474808E+002, 8.0822338E+000, 3.7365075E+002,-8.2019717E+001, 2.0325324E+000, 2.8312748E+002
 4.3209665E+001, 4.2084871E+001, 2.8302872E-005,-4.8793897E-001, 1.8410431E+002, 8.0078085E+000, 3.7382852E+002,-8.1605566E+001, 1.9819942E+000, 2.8276925E+002
 4.3418340E+001, 4.1839487E+001, 2.8406672E-005,-4.4950983E-001, 1.8955387E+002, 7.9587703E+000, 3.8197519E+002,-8.9505139E+001, 1.9411616E+000, 2.8256682E+002
 4.3627014E+001, 4.1987606E+001, 2.8597231E-005,-4.1651728E-001, 1.9416435E+002, 8.0097726E+000, 3.8920088E+002,-9.8203262E+001, 1.9812631E+000, 2.8266050E+002
 4.3835689E+001, 4.2413129E+001, 2.9049655E-005,-4.3638105E-001, 1.9086219E+002, 8.1254774E+000, 3.8444690E+002,-9.3803859E+001, 2.0721959E+000, 2.8315425E+002
 4.4002629E+001, 4.2643058E+001, 2.9702717E-005,-4.4139893E-001, 1.9141864E+002, 8.1716872E+000, 3.8864425E+002,-9.3442646E+001, 2.0964313E+000, 2.8360397E+002
 4.4201703E+001, 4.2763432E+001, 3.0451467E-005,-4.2010983E-001, 1.9482578E+002, 8.2005204E+000, 3.8920209E+002,-9.7689889E+001, 2.1018364E+000, 2.8407103E+002
 4.4423311E+001, 4.2841264E+001, 3.1454259E-005,-4.4127877E-001, 1.9150433E+002, 8.2056609E+000, 3.8489567E+002,-9.4048200E+001, 2.0923092E+000, 2.8445022E+002
 4.4607985E+001, 4.2905025E+001, 3.2269584E-005,-4.5370433E-001, 1.9036540E+002, 8.2173509E+000, 3.8418928E+002,-9.1272556E+001, 2.0949821E+000, 2.8470231E+002
 4.4807302E+001, 4.2789165E+001, 3.2991383E-005,-4.6769777E-001, 1.8800840E+002, 8.1762989E+000, 3.8345914E+002,-8.7895899E+001, 2.0527858E+000, 2.8484540E+002
 4.5019906E+001, 4.2545507E+001, 3.3547896E-005,-4.6798823E-001, 1.8887699E+002, 8.1094770E+000, 3.7862633E+002,-8.8483998E+001, 1.9966267E+000, 2.8473392E+002
 4.5217230E+001, 4.2540645E+001, 3.3953526E-005,-4.3362738E-001, 1.9304865E+002, 8.1228706E+000, 3.8238820E+002,-9.3084900E+001, 1.9988073E+000, 2.8490676E+002
 4.5418208E+001, 4.2482478E+001, 3.4482302E-005,-4.9908419E-001, 1.8330148E+002, 8.0959568E+000, 3.7850362E+002,-8.3560637E+001, 1.9849029E+000, 2.8482665E+002
 4.5619185E+001, 4.2330762E+001, 3.4760858E-005,-4.9545530E-001, 1.8528411E+002, 8.0601374E+000, 3.8279064E+002,-8.5133989E+001, 1.9566130E+000, 2.8473459E+002
 4.5820163E+001, 4.2249703E+001, 3.5061724E-005,-4.3612749E-001, 1.9364693E+002, 8.0486392E+000, 3.9689360E+002,-9.7115143E+001, 1.9334959E+000, 2.8487869E+002
 4.6021141E+001, 4.2558977E+001, 3.5510704E-005,-4.3406910E-001, 1.9267336E+002, 8.1397178E+000, 3.9499300E+002,-9.7295872E+001, 2.0059383E+000, 2.8514529E+002
 4.6222119E+001, 4.2824959E+001, 3.6178827E-005,-4.9648873E-001, 1.8478536E+002, 8.1977910E+000, 3.8661894E+002,-8.6283006E+001, 2.0529156E+000, 2.8550885E+002
 4.6423097E+001, 4.2825702E+001, 3.6885131E-005,-4.4578671E-001, 1.9379929E+002, 8.1967940E+000, 4.0038802E+002,-9.6830454E+001, 2.0312264E+000, 2.8588462E+002
 4.6615886E+001, 4.2930333E+001, 3.7790987E-005,-4.2237741E-001, 1.9596041E+002, 8.2232924E+000, 4.0011780E+002,-1.0232736E+002, 2.0344696E+000, 2.8631421E+002
 4.6803614E+001, 4.3153151E+001, 3.8631852E-005,-4.8011781E-001, 1.8737146E+002, 8.2649989E+000, 3.9214400E+002,-9.1289131E+001, 2.0707128E+000, 2.8651865E+002
 4.7002172E+001, 4.3218914E+001, 3.9408700E-005,-4.8711721E-001, 1.8766120E+002, 8.2742835E+000, 3.9151881E+002,-9.0513645E+001, 2.0698611E+000, 2.8679095E+002
 4.7200730E+001, 4.2940722E+001, 4.0178213E-005,-4.8318958E-001, 1.8829510E+002, 8.1980536E+000, 3.9473982E+002,-9.0735030E+001, 1.9947351E+000, 2.8688800E+002
 4.7438999E+001, 4.2810146E+001, 4.0796806E-005,-4.8221466E-001, 1.8761733E+002, 8.1632413E+000, 3.8624797E+002,-8.9905626E+001, 1.9671896E+000, 2.8677305E+002
 4.7637557E+001, 4.2776438E+001, 4.1178983E-005,-5.2872292E-001, 1.8137568E+002, 8.1481083E+000, 3.7751863E+002,-8.3059786E+001, 1.9656969E+000, 2.8666622E+002
 4.7836115E+001, 4.2554657E+001, 4.1410863E-005,-5.1926789E-001, 1.8307353E+002, 8.0880738E+000, 3.8040573E+002,-8.5522358E+001, 1.9154495E+000, 2.8652431E+002
 4.8034673E+001, 4.2398171E+001, 4.1571266E-005,-5.1404965E-001, 1.8311615E+002, 8.0586017E+000, 3.8115676E+002,-8.6076322E+001, 1.8929099E+000, 2.8639137E+002
 4.8233231E+001, 4.2256955E+001, 4.1648692E-005,-5.4892148E-001, 1.7797963E+002, 8.0175536E+000, 3.7936145E+002,-8.0172355E+001, 1.8717143E+000, 2.8613861E+002
 4.8431789E+001, 4.2135377E+001, 4.1558433E-005,-5.2609033E-001, 1.8200224E+002, 8.0042804E+000, 3.8386759E+002,-8.3726240E+001, 1.8628222E+000, 2.8600678E+002
 4.8630347E+001, 4.2216923E+001, 4.1619782E-005,-4.9718722E-001, 1.8506709E+002, 8.0263472E+000, 3.8151607E+002,-8.8510605E+001, 1.8740164E+000, 2.8610524E+002
 4.8828905E+001, 4.2317815E+001, 4.1839091E-005,-5.5014046E-001, 1.7757103E+002, 8.0306595E+000, 3.7217841E+002,-8.0222981E+001, 1.8882857E+000, 2.8605830E+002
 4.9043348E+001, 4.2332833E+001, 4.1938066E-005,-5.5562277E-001, 1.7744600E+002, 8.0330660E+000, 3.7155301E+002,-7.9681969E+001, 1.8934548E+000, 2.8603761E+002
 4.9218079E+001, 4.2201675E+001, 4.2078093E-005,-5.6092061E-001, 1.7620230E+002, 7.9985872E+000, 3.7637680E+002,-7.8329635E+001, 1.8644671E+000, 2.8597753E+002
 4.9436493E+001, 4.1947564E+001, 4.2100279E-005,-5.6512262E-001, 1.7622767E+002, 7.9436473E+000, 3.7832440E+002,-7.8781639E+001, 1.8239861E+000, 2.8576682E+002
 4.9611224E+001, 4.2059186E+001, 4.2029645E-005,-5.0385424E-001, 1.8533060E+002, 7.9834581E+000, 3.8606254E+002,-8.8524780E+001, 1.8475377E+000, 2.8585773E+002
 4.9829638E+001, 4.2309973E+001, 4.2267864E-005,-4.9116954E-001, 1.8596385E+002, 8.0427580E+000, 3.8858260E+002,-8.9361067E+001, 1.8866781E+000, 2.8617180E+002
 5.0004369E+001, 4.2498204E+001, 4.2745746E-005,-5.0667456E-001, 1.8457407E+002, 8.0844441E+000, 3.8970090E+002,-8.7565731E+001, 1.9165306E+000, 2.8644575E+002
 5.0222782E+001, 4.2759323E+001, 4.3341944E-005,-4.7594560E-001, 1.8957485E+002, 8.1568179E+000, 4.0370332E+002,-9.2980248E+001, 1.9600815E+000, 2.8690541E+002
 5.0420345E+001, 4.2911009E+001, 4.4247905E-005,-4.5389285E-001, 1.9302177E+002, 8.1982048E+000, 4.1381268E+002,-9.7146898E+001, 1.9726691E+000, 2.8743903E+002
 5.0612696E+001, 4.3218592E+001, 4.5349795E-005,-4.3497051E-001, 1.9640475E+002, 8.2657893E+000, 4.1998508E+002,-1.0172047E+002, 2.0095346E+000, 2.8800559E+002
 5.0805046E+001, 4.3761434E+001, 4.6553363E-005,-3.9906915E-001, 2.0281194E+002, 8.4059717E+000, 4.3138757E+002,-1.1084885E+002, 2.1024800E+000, 2.8881790E+002
 5.1035866E+001, 4.4258023E+001, 4.8569565E-005,-3.9875586E-001, 2.0276999E+002, 8.5272772E+000, 4.3504552E+002,-1.1085986E+002, 2.1695356E+000, 2.8988473E+002
 5.1228216E+001, 4.4609915E+001, 5.0919173E-005,-4.1708331E-001, 2.0135826E+002, 8.5963660E+000, 4.3381073E+002,-1.0757471E+002, 2.1980320E+000, 2.9074524E+002
 5.1420567E+001, 4.4760627E+001, 5.2981029E-005,-3.8662276E-001, 2.0716591E+002, 8.6291474E+000, 4.4175239E+002,-1.1426005E+002, 2.1962225E+000, 2.9146934E+002
 5.1612917E+001, 4.4897207E+001, 5.5333625E-005,-3.8576580E-001, 2.0702466E+002, 8.6558144E+000, 4.4421097E+002,-1.1445501E+002, 2.1928973E+000, 2.9211062E+002
 5.1805267E+001, 4.5035829E+001, 5.7409009E-005,-4.0528655E-001, 2.0464053E+002, 8.6847286E+000, 4.4073304E+002,-1.1090289E+002, 2.2012730E+000, 2.9257234E+002
 5.2036088E+001, 4.5068825E+001, 5.9732407E-005,-3.9348029E-001, 2.0736410E+002, 8.6906121E+000, 4.4670556E+002,-1.1381085E+002, 2.1834575E+000, 2.9312024E+002
 5.2228438E+001, 4.5033915E+001, 6.2049435E-005,-3.9759935E-001, 2.0646106E+002, 8.6798659E+000, 4.4931997E+002,-1.1268013E+002, 2.1568810E+000, 2.9350934E+002
 5.2420788E+001, 4.4951259E+001, 6.3788512E-005,-4.1799416E-001, 2.0408607E+002, 8.6573868E+000, 4.4888885E+002,-1.0959190E+002, 2.1306426E+000, 2.9367661E+002
 5.2613138E+001, 4.4962675E+001, 6.5453846E-005,-3.8112651E-001, 2.1037708E+002, 8.6679711E+000, 4.5774391E+002,-1.1867133E+002, 2.1260407E+000, 2.9401181E+002
 5.2800526E+001, 4.5101845E+001, 6.7178085E-005,-3.8626933E-001, 2.0860033E+002, 8.7030921E+000, 4.5725595E+002,-1.1730904E+002, 2.1423879E+000, 2.9438657E+002
 5.3008275E+001, 4.5176801E+001, 6.9167526E-005,-4.3497380E-001, 2.0205903E+002, 8.7087718E+000, 4.4940153E+002,-1.0790264E+002, 2.1410195E+000, 2.9459469E+002
 5.3240484E+001, 4.4987419E+001, 7.0873363E-005,-4.2390403E-001, 2.0416143E+002, 8.6596205E+000, 4.4785217E+002,-1.1100380E+002, 2.0883958E+000, 2.9476968E+002
 5.3402662E+001, 4.4803422E+001, 7.2223583E-005,-4.4855140E-001, 1.9928822E+002, 8.6138958E+000, 4.4181436E+002,-1.0567763E+002, 2.0495115E+000, 2.9473810E+002
 5.3605384E+001, 4.4620617E+001, 7.3030970E-005,-5.0172853E-001, 1.9214524E+002, 8.5585825E+000, 4.2882570E+002,-9.5165402E+001, 2.0170310E+000, 2.9446102E+002
 5.3808107E+001, 4.4328576E+001, 7.3364329E-005,-4.9580549E-001, 1.9337573E+002, 8.4734627E+000, 4.2955793E+002,-9.6775728E+001, 1.9511449E+000, 2.9417718E+002
 5.4010829E+001, 4.4042766E+001, 7.3466669E-005,-5.0540568E-001, 1.9085178E+002, 8.4068441E+000, 4.2783704E+002,-9.4637648E+001, 1.9059480E+000, 2.9381828E+002
 5.4213552E+001, 4.3824840E+001, 7.3210624E-005,-5.4504183E-001, 1.8534488E+002, 8.3477877E+000, 4.1997269E+002,-8.7795667E+001, 1.8782275E+000, 2.9335917E+002
 5.4416274E+001, 4.3717843E+001, 7.2652023E-005,-5.0835306E-001, 1.9092583E+002, 8.3236480E+000, 4.2385489E+002,-9.4445953E+001, 1.8623337E+000, 2.9313522E+002
 5.4631160E+001, 4.3710287E+001, 7.2468055E-005,-5.0948467E-001, 1.8918793E+002, 8.3248748E+000, 4.2137330E+002,-9.2948603E+001, 1.8662484E+000, 2.9305195E+002
 5.4809555E+001, 4.3628768E+001, 7.2332194E-005,-5.5680680E-001, 1.8381315E+002, 8.2969383E+000, 4.2201409E+002,-8.6004155E+001, 1.8594628E+000, 2.9278042E+002
 5.5032550E+001, 4.3696731E+001, 7.2052617E-005,-4.8278539E-001, 1.9475315E+002, 8.3301766E+000, 4.3756092E+002,-9.9559400E+001, 1.8760269E+000, 2.9290601E+002
 5.5210946E+001, 4.3865416E+001, 7.2377678E-005,-4.7600114E-001, 1.9399814E+002, 8.3716274E+000, 4.3666505E+002,-9.8950601E+001, 1.9016764E+000, 2.9315481E+002
 5.5433940E+001, 4.3935785E+001, 7.2894873E-005,-5.2091764E-001, 1.8877332E+002, 8.3758898E+000, 4.3350111E+002,-9.0837706E+001, 1.9111731E+000, 2.9314885E+002
 5.5612336E+001, 4.4184925E+001, 7.3277747E-005,-4.6312136E-001, 1.9764564E+002, 8.4454540E+000, 4.4676442E+002,-1.0303043E+002, 1.9546537E+000, 2.9350520E+002
 5.5835331E+001, 4.4233926E+001, 7.4312257E-005,-4.8528598E-001, 1.9324497E+002, 8.4496180E+000, 4.4171759E+002,-9.7255515E+001, 1.9468147E+000, 2.9381165E+002
 5.6003592E+001, 4.4170242E+001, 7.5163158E-005,-5.2069181E-001, 1.8913237E+002, 8.4260669E+000, 4.3780429E+002,-9.0753864E+001, 1.9311956E+000, 2.9376005E+002
 5.6201252E+001, 4.4326521E+001, 7.5649813E-005,-4.6839486E-001, 1.9767946E+002, 8.4694892E+000, 4.4994493E+002,-1.0202096E+002, 1.9555129E+000, 2.9400690E+002
 5.6438443E+001, 4.4375272E+001, 7.6778076E-005,-4.8422228E-001, 1.9383755E+002, 8.4706889E+000, 4.4614941E+002,-9.6716336E+001, 1.9462880E+000, 2.9425596E+002
 5.6636103E+001, 4.4354613E+001, 7.7627695E-005,-5.1972137E-001, 1.9005875E+002, 8.4574642E+000, 4.4397013E+002,-9.0072381E+001, 1.9419065E+000, 2.9420429E+002
 5.6833762E+001, 4.4312365E+001, 7.8159567E-005,-4.6735401E-001, 1.9782224E+002, 8.4538636E+000, 4.5286652E+002,-1.0149448E+002, 1.9242812E+000, 2.9439731E+002
 5.7031422E+001, 4.4312811E+001, 7.9019765E-005,-4.8929991E-001, 1.9343145E+002, 8.4506015E+000, 4.5017004E+002,-9.5271258E+001, 1.9201247E+000, 2.9445465E+002
 5.7229081E+001, 4.4330103E+001, 7.9530182E-005,-5.2613077E-001, 1.8919686E+002, 8.4434410E+000, 4.4958755E+002,-8.8970389E+001, 1.9229073E+000, 2.9436851E+002
 5.7426741E+001, 4.4316945E+001, 7.9943820E-005,-4.7988140E-001, 1.9596166E+002, 8.4453390E+000, 4.5556804E+002,-9.8490801E+001, 1.9131753E+000, 2.9451844E+002
 5.7624400E+001, 4.4314037E+001, 8.0600066E-005,-5.0716384E-001, 1.9084866E+002, 8.4422456E+000, 4.4952914E+002,-9.1995485E+001, 1.9114036E+000, 2.9454395E+002
 5.7822060E+001, 4.4355477E+001, 8.1028110E-005,-5.2914976E-001, 1.8895505E+002, 8.4417761E+000, 4.4937706E+002,-8.9531307E+001, 1.9181510E+000, 2.9447986E+002
 5.8019719E+001, 4.4421873E+001, 8.1409748E-005,-4.8800465E-001, 1.9495569E+002, 8.4577346E+000, 4.5716811E+002,-9.7060098E+001, 1.9193765E+000, 2.9467923E+002
 5.8217379E+001, 4.4473326E+001, 8.2200449E-005,-4.9026549E-001, 1.9425360E+002, 8.4691821E+000, 4.5856004E+002,-9.6760776E+001, 1.9230147E+000, 2.9481928E+002
 5.8415038E+001, 4.4739350E+001, 8.2921293E-005,-4.7336764E-001, 1.9759075E+002, 8.5321516E+000, 4.6773110E+002,-1.0184668E+002, 1.9682923E+000, 2.9510853E+002
 5.8612698E+001, 4.5089876E+001, 8.4254779E-005,-4.5265090E-001, 2.0050898E+002, 8.6234152E+000, 4.7805331E+002,-1.0679313E+002, 2.0257252E+000, 2.9566202E+002
 5.8810357E+001, 4.5318452E+001, 8.6007187E-005,-4.5290688E-001, 2.0117306E+002, 8.6792068E+000, 4.8385671E+002,-1.0762127E+002, 2.0553692E+000, 2.9615968E+002
 5.9008017E+001, 4.5665576E+001, 8.8172265E-005,-4.3352565E-001, 2.0458621E+002, 8.7544806E+000, 4.9588359E+002,-1.1200044E+002, 2.0954055E+000, 2.9681335E+002
 5.9205676E+001, 4.5957904E+001, 9.0580408E-005,-4.3085603E-001, 2.0541066E+002, 8.8238990E+000, 5.0059668E+002,-1.1321176E+002, 2.1326004E+000, 2.9741095E+002
 5.9403336E+001, 4.6219782E+001, 9.3439762E-005,-4.1886700E-001, 2.0803289E+002, 8.8851281E+000, 5.1118254E+002,-1.1644976E+002, 2.1601535E+000, 2.9807317E+002
 5.9600995E+001, 4.6535019E+001, 9.6373342E-005,-4.0196854E-001, 2.1125210E+002, 8.9504157E+000, 5.2281099E+002,-1.2077932E+002, 2.1903855E+000, 2.9874213E+002
 5.9838186E+001, 4.6951762E+001, 1.0024756E-004,-3.8439115E-001, 2.1481233E+002, 9.0485905E+000, 5.3512330E+002,-1.2566906E+002, 2.2434408E+000, 2.9959206E+002
 6.0035846E+001, 4.7452090E+001, 1.0479303E-004,-3.6212985E-001, 2.1913557E+002, 9.1618919E+000, 5.5209085E+002,-1.3180227E+002, 2.3041935E+000, 3.0058611E+002
 6.0233505E+001, 4.7937110E+001, 1.0935524E-004,-3.4777692E-001, 2.2252045E+002, 9.2646125E+000, 5.6632661E+002,-1.3654685E+002, 2.3586041E+000, 3.0150437E+002
 6.0431165E+001, 4.8518912E+001, 1.1502915E-004,-3.1946749E-001, 2.2832668E+002, 9.4048321E+000, 5.8542772E+002,-1.4540291E+002, 2.4378484E+000, 3.0270593E+002
 6.0628824E+001, 4.9252499E+001, 1.2142060E-004,-2.9704753E-001, 2.3317560E+002, 9.5701731E+000, 6.0428928E+002,-1.5279242E+002, 2.5356699E+000, 3.0398581E+002
 6.0826484E+001, 4.9997313E+001, 1.2967501E-004,-2.8428706E-001, 2.3661005E+002, 9.7235648E+000, 6.2058935E+002,-1.5670615E+002, 2.6159278E+000, 3.0542387E+002
 6.1024143E+001, 5.0729470E+001, 1.3845403E-004,-2.6018921E-001, 2.4273801E+002, 9.8908311E+000, 6.5048857E+002,-1.6589656E+002, 2.7097647E+000, 3.0688718E+002
 6.1221803E+001, 5.1593292E+001, 1.4976314E-004,-2.3087769E-001, 2.4934322E+002, 1.0068819E+001, 6.8147349E+002,-1.7906484E+002, 2.8052384E+000, 3.0855596E+002
 6.1408801E+001, 9.8074252E+001, 1.7463077E-004, 3.7131692E-001, 4.0580121E+002, 2.0561413E+001, 1.7400960E+003,-9.8838259E+002, 1.0902532E+001, 3.2643156E+002
 6.1604894E+001, 1.6618783E+002, 1.0400630E-003, 1.0543545E-001, 4.0051665E+002, 3.6378303E+001, 1.1168312E+003,-5.8963025E+002, 2.1771706E+001, 3.9646281E+002
 6.1802867E+001, 1.2304668E+002, 3.5264967E-003,-3.2096008E-001, 3.2223144E+002, 2.6541687E+001, 7.7033906E+002,-2.0962698E+002, 1.2569233E+001, 3.9753207E+002
 6.2009326E+001, 7.1019190E+001, 2.0216861E-003,-2.1101972E-001, 3.0836271E+002, 1.3427722E+001, 7.8103666E+002,-1.9873215E+002, 3.3493308E+000, 3.5268215E+002
 6.2227097E+001, 5.9488119E+001, 9.4817915E-004,-2.4149954E-001, 2.7395227E+002, 1.1248756E+001, 6.1577674E+002,-1.5037673E+002, 2.4708496E+000, 3.3559804E+002
 6.2413758E+001, 5.3765221E+001, 6.7590444E-004,-3.3471224E-001, 2.4950349E+002, 1.0191799E+001, 5.6827027E+002,-1.2213045E+002, 1.9886905E+000, 3.2738895E+002
 6.2600419E+001, 5.0324964E+001, 5.5581165E-004,-2.6019440E-001, 2.5935033E+002, 9.5331584E+000, 5.6995495E+002,-1.4886481E+002, 1.6451978E+000, 3.2263810E+002
 6.2833745E+001, 5.0067913E+001, 4.7259529E-004,-2.8129994E-001, 2.4915539E+002, 9.5605633E+000, 5.5984147E+002,-1.4211620E+002, 1.8299592E+000, 3.1941839E+002
 6.3004851E+001, 5.0080211E+001, 4.2490787E-004,-3.7570274E-001, 2.3308767E+002, 9.6058185E+000, 5.5266278E+002,-1.2331222E+002, 1.9400011E+000, 3.1774608E+002
 6.3210178E+001, 4.9587450E+001, 3.9322226E-004,-3.1848388E-001, 2.4302303E+002, 9.4954877E+000, 5.7966531E+002,-1.4589367E+002, 1.8960155E+000, 3.1667886E+002
 6.3429194E+001, 5.0239138E+001, 3.6836236E-004,-2.6804041E-001, 2.4848345E+002, 9.6488762E+000, 6.0445219E+002,-1.6366183E+002, 2.0718281E+000, 3.1616359E+002
 6.3617410E+001, 5.1108558E+001, 3.5422079E-004,-3.8307457E-001, 2.2923427E+002, 9.8520256E+000, 5.9723822E+002,-1.3114772E+002, 2.2460918E+000, 3.1607978E+002
 6.3805627E+001, 5.1276132E+001, 3.4572421E-004,-3.4597485E-001, 2.3826365E+002, 9.8741348E+000, 6.2739584E+002,-1.4752653E+002, 2.2678196E+000, 3.1614531E+002
 6.4031487E+001, 5.1508545E+001, 3.3996072E-004,-2.8744053E-001, 2.4603233E+002, 9.9111495E+000, 6.6127191E+002,-1.6645726E+002, 2.2976339E+000, 3.1632485E+002
 6.4219703E+001, 5.2249837E+001, 3.3674920E-004,-3.3366640E-001, 2.3817677E+002, 1.0084375E+001, 6.6907866E+002,-1.5148778E+002, 2.4382709E+000, 3.1659685E+002
 6.4407920E+001, 5.2842018E+001, 3.3644634E-004,-3.1678608E-001, 2.4350911E+002, 1.0217301E+001, 6.9010686E+002,-1.6116138E+002, 2.5379841E+000, 3.1714631E+002
 6.4633779E+001, 5.3430617E+001, 3.4076490E-004,-2.4322264E-001, 2.5613399E+002, 1.0337708E+001, 7.2390359E+002,-1.8812885E+002, 2.6204628E+000, 3.1803743E+002
 6.4808907E+001, 5.4416881E+001, 3.4857515E-004,-2.7459281E-001, 2.5042096E+002, 1.0567943E+001, 7.3900195E+002,-1.7465642E+002, 2.7780274E+000, 3.1900950E+002
 6.5008590E+001, 5.5203143E+001, 3.5871717E-004,-2.5497129E-001, 2.5702765E+002, 1.0745190E+001, 7.5870751E+002,-1.8590557E+002, 2.8953859E+000, 3.2008313E+002
 6.5208273E+001, 5.6075694E+001, 3.7382212E-004,-1.8510080E-001, 2.7105354E+002, 1.0913853E+001, 7.9070302E+002,-2.1499981E+002, 3.0056802E+000, 3.2148863E+002
 6.5417939E+001, 5.7181023E+001, 3.9295670E-004,-2.4924642E-001, 2.5815383E+002, 1.1181530E+001, 7.8202806E+002,-1.8377159E+002, 3.1588654E+000, 3.2281123E+002
 6.5600982E+001, 5.7146708E+001, 4.1107627E-004,-2.4796827E-001, 2.6309256E+002, 1.1144733E+001, 7.9893429E+002,-1.9024086E+002, 3.0933375E+000, 3.2356807E+002
 6.5800329E+001, 5.7441196E+001, 4.2683924E-004,-1.4372576E-001, 2.8497342E+002, 1.1220984E+001, 8.4123013E+002,-2.3894944E+002, 3.1122741E+000, 3.2435933E+002
 6.6028163E+001, 5.8803081E+001, 4.4678901E-004,-2.1005181E-001, 2.7052272E+002, 1.1568281E+001, 8.0442256E+002,-2.0224699E+002, 3.3490694E+000, 3.2555252E+002
 6.6223449E+001, 5.8348457E+001, 4.6935138E-004,-2.6459507E-001, 2.5995088E+002, 1.1398691E+001, 7.1158356E+002,-1.7395242E+002, 3.1882781E+000, 3.2616602E+002
 6.6418735E+001, 5.6090671E+001, 4.7762455E-004,-2.5615611E-001, 2.6106016E+002, 1.0827812E+001, 6.7939449E+002,-1.7365067E+002, 2.7250386E+000, 3.2487149E+002
 6.6626343E+001, 5.5568778E+001, 4.6577100E-004,-2.0131760E-001, 2.7107722E+002, 1.0706852E+001, 7.5857407E+002,-1.9822501E+002, 2.6710433E+000, 3.2360222E+002
 6.6817446E+001, 5.6080857E+001, 4.5738542E-004,-2.2292779E-001, 2.6742320E+002, 1.0858232E+001, 7.7029081E+002,-1.9013530E+002, 2.8064102E+000, 3.2340297E+002
 6.7008549E+001, 5.7145646E+001, 4.5890278E-004,-1.4770814E-001, 2.8738695E+002, 1.1161255E+001, 8.0835938E+002,-2.2870067E+002, 3.0283739E+000, 3.2433951E+002
 6.7231502E+001, 5.9105945E+001, 4.7676183E-004,-7.9653108E-002, 3.0539143E+002, 1.1709235E+001, 8.6165489E+002,-2.5825817E+002, 3.3540622E+000, 3.2631109E+002
 6.7422605E+001, 6.1294885E+001, 5.1066316E-004,-1.0902599E-001, 3.0200508E+002, 1.2248864E+001, 8.8656123E+002,-2.4192312E+002, 3.6913794E+000, 3.2888253E+002
 6.7613707E+001, 6.2137363E+001, 5.5214273E-004,-7.1872451E-002, 3.1464044E+002, 1.2463460E+001, 9.2929200E+002,-2.6827847E+002, 3.7591261E+000, 3.3088671E+002
 6.7804810E+001, 6.4128703E+001, 5.9435750E-004, 3.1914174E-002, 3.4178420E+002, 1.2939383E+001, 9.9421679E+002,-3.4356978E+002, 4.0586478E+000, 3.3287976E+002
 6.8027763E+001, 6.6960681E+001, 6.5880116E-004,-2.4857836E-002, 3.2871421E+002, 1.3677688E+001, 9.9815822E+002,-2.9525427E+002, 4.5259738E+000, 3.3637405E+002
 6.8218866E+001, 6.7869702E+001, 7.3918933E-004,-1.7776522E-002, 3.3478941E+002, 1.3844726E+001, 1.0416753E+003,-3.0589192E+002, 4.5478631E+000, 3.3870247E+002
 6.8418368E+001, 6.8322287E+001, 8.0013234E-004, 7.5702942E-002, 3.6270853E+002, 1.3943827E+001, 1.1127540E+003,-3.8461525E+002, 4.5687399E+000, 3.3972301E+002
 6.8617871E+001, 7.1722073E+001, 8.6956152E-004, 6.0908948E-002, 3.5523486E+002, 1.4834182E+001, 1.1221692E+003,-3.5513583E+002, 5.1544182E+000, 3.4291509E+002
 6.8825483E+001, 7.2145079E+001, 9.6728145E-004, 1.3184721E-002, 3.4822278E+002, 1.4849267E+001, 1.1471074E+003,-3.2641027E+002, 5.0952687E+000, 3.4472354E+002
 6.9012272E+001, 7.0502338E+001, 1.0189409E-003, 5.7958408E-002, 3.6206700E+002, 1.4421052E+001, 1.1730706E+003,-3.6025026E+002, 4.7132318E+000, 3.4412810E+002
 6.9209296E+001, 7.3279737E+001, 1.0389617E-003, 1.4637727E-001, 3.8236394E+002, 1.5180652E+001, 1.2249443E+003,-4.2402471E+002, 5.2905662E+000, 3.4578475E+002
 6.9409134E+001, 7.5765153E+001, 1.1298822E-003, 9.7925574E-002, 3.7129660E+002, 1.5809545E+001, 1.2293438E+003,-3.7239638E+002, 5.6941804E+000, 3.4860651E+002
 6.9625860E+001, 7.4911628E+001, 1.2253978E-003, 8.2282869E-002, 3.6989900E+002, 1.5518982E+001, 1.2413193E+003,-3.6561584E+002, 5.3932640E+000, 3.4942987E+002
 6.9816958E+001, 7.3396705E+001, 1.2453200E-003, 7.4578037E-002, 3.6772429E+002, 1.5121030E+001, 1.2277111E+003,-3.6174419E+002, 5.1070793E+000, 3.4828867E+002
 7.0018976E+001, 7.4697331E+001, 1.2405643E-003, 1.5595773E-001, 3.8972040E+002, 1.5502969E+001, 1.2726388E+003,-4.4982549E+002, 5.4294175E+000, 3.4873796E+002
 7.0209796E+001, 7.5793593E+001, 1.2919762E-003, 2.6637185E-002, 3.5305779E+002, 1.5768906E+001, 1.2108731E+003,-3.2269462E+002, 5.6007287E+000, 3.5002694E+002
 7.0424181E+001, 7.2417152E+001, 1.3160387E-003,-1.9056509E-002, 3.4332290E+002, 1.4825146E+001, 1.1159099E+003,-2.9771817E+002, 4.8714552E+000, 3.4854734E+002
 7.0617885E+001, 6.7372372E+001, 1.2268200E-003,-1.1058362E-001, 3.1400546E+002, 1.3316312E+001, 8.5989177E+002,-2.2761830E+002, 3.9536241E+000, 3.4354491E+002
 7.0824575E+001, 6.4678872E+001, 1.0968647E-003,-5.3977272E-002, 3.2708704E+002, 1.2931266E+001, 9.9225799E+002,-2.6767275E+002, 3.6800439E+000, 3.4030528E+002
 7.1010597E+001, 6.4145186E+001, 1.0142119E-003,-1.0965001E-001, 3.1025312E+002, 1.2780170E+001, 9.6310294E+002,-2.3736094E+002, 3.6871421E+000, 3.3845254E+002
 7.1218841E+001, 6.3789806E+001, 9.6477973E-004,-1.2145794E-001, 3.0811309E+002, 1.2637057E+001, 9.5915050E+002,-2.3654838E+002, 3.6120254E+000, 3.3761548E+002
 7.1416170E+001, 6.4695838E+001, 9.2827877E-004,-1.7654662E-002, 3.3353982E+002, 1.2882571E+001, 1.0221514E+003,-3.1094420E+002, 3.8226630E+000, 3.3737382E+002
 7.1608636E+001, 6.7188518E+001, 9.3212452E-004,-6.5909655E-002, 3.2181561E+002, 1.3529837E+001, 1.0386583E+003,-2.7344887E+002, 4.2705735E+000, 3.3907667E+002
 7.1824546E+001, 6.8065402E+001, 9.6954497E-004,-4.0046817E-002, 3.3229816E+002, 1.3735785E+001, 1.0607739E+003,-3.0173469E+002, 4.3766755E+000, 3.4067215E+002
 7.2013468E+001, 6.9793919E+001, 1.0039610E-003, 3.2285190E-002, 3.5049581E+002, 1.4103411E+001, 1.1099911E+003,-3.5156346E+002, 4.6460441E+000, 3.4197792E+002
 7.2202389E+001, 7.2562229E+001, 1.0578528E-003,-1.7882071E-002, 3.3935261E+002, 1.4813165E+001, 1.1054395E+003,-3.1193838E+002, 5.1128847E+000, 3.4453443E+002
 7.2418299E+001, 7.2936352E+001, 1.1331972E-003, 3.2760951E-002, 3.5573467E+002, 1.4836011E+001, 1.1356471E+003,-3.5260778E+002, 5.0646490E+000, 3.4596260E+002
 7.2607221E+001, 7.4576591E+001, 1.1856290E-003, 4.8279247E-002, 3.5843283E+002, 1.5224024E+001, 1.1334348E+003,-3.5228008E+002, 5.3265782E+000, 3.4722089E+002
 7.2823131E+001, 7.4367613E+001, 1.2423924E-003,-5.1934701E-002, 3.3371057E+002, 1.5036400E+001, 9.7596536E+002,-2.7080517E+002, 5.1565726E+000, 3.4782298E+002
 7.3012052E+001, 7.0262219E+001, 1.2294541E-003,-1.5830526E-002, 3.4367239E+002, 1.3884701E+001, 9.9123070E+002,-2.9128770E+002, 4.3042002E+000, 3.4500225E+002
 7.3200974E+001, 7.0088527E+001, 1.1600358E-003, 2.6209375E-002, 3.4910734E+002, 1.4036274E+001, 1.0501989E+003,-3.0000538E+002, 4.4152912E+000, 3.4353843E+002
 7.3416884E+001, 7.1915412E+001, 1.1450515E-003, 8.5739481E-002, 3.6887972E+002, 1.4542611E+001, 1.1023627E+003,-3.5043976E+002, 4.8094290E+000, 3.4454347E+002
 7.3605805E+001, 7.5558900E+001, 1.1961501E-003, 1.8052796E-001, 3.9221998E+002, 1.5488964E+001, 1.1842761E+003,-4.2145802E+002, 5.4364182E+000, 3.4726756E+002
 7.3802823E+001, 7.9673072E+001, 1.3117416E-003, 1.3999941E-001, 3.8420190E+002, 1.6512848E+001, 1.2087205E+003,-3.8129078E+002, 6.1402840E+000, 3.5145197E+002
 7.4010637E+001, 8.0528699E+001, 1.4497825E-003, 1.7788222E-001, 4.0075658E+002, 1.6633519E+001, 1.2703741E+003,-4.3255327E+002, 6.1244508E+000, 3.5343601E+002
 7.4218450E+001, 8.3448782E+001, 1.5487164E-003, 2.5595975E-001, 4.1866499E+002, 1.7404726E+001, 1.3174620E+003,-4.9264091E+002, 6.6508842E+000, 3.5572703E+002
 7.4424474E+001, 8.4521141E+001, 1.6847335E-003, 1.6284845E-001, 3.9577814E+002, 1.7613474E+001, 1.3098416E+003,-3.8925933E+002, 6.7311288E+000, 3.5768789E+002
 7.4604745E+001, 8.1174448E+001, 1.7275885E-003, 1.6419116E-001, 3.9845089E+002, 1.6678572E+001, 1.3105991E+003,-4.0808006E+002, 6.0062459E+000, 3.5606431E+002
 7.4823736E+001, 8.1658357E+001, 1.6622531E-003, 2.2495276E-001, 4.1081145E+002, 1.6921768E+001, 1.3443732E+003,-4.6688624E+002, 6.2518922E+000, 3.5516556E+002
 7.5019821E+001, 8.2857072E+001, 1.7027709E-003, 1.4452255E-001, 3.9065112E+002, 1.7229884E+001, 1.3272052E+003,-3.9234109E+002, 6.4782193E+000, 3.5647231E+002
 7.5215905E+001, 8.0860534E+001, 1.7233007E-003, 1.5799960E-001, 3.9659613E+002, 1.6675041E+001, 1.3279094E+003,-4.2571938E+002, 6.0436647E+000, 3.5557856E+002
 7.5404636E+001, 8.2351635E+001, 1.6911069E-003, 1.8035265E-001, 3.9941982E+002, 1.7042225E+001, 1.3357945E+003,-4.4472302E+002, 6.3897755E+000, 3.5559541E+002
 7.5603697E+001, 8.1032634E+001, 1.7210586E-003, 1.8910328E-002, 3.5873789E+002, 1.6655534E+001, 1.2553051E+003,-3.0628903E+002, 6.0838635E+000, 3.5547021E+002
 7.5821404E+001, 7.5988528E+001, 1.6344752E-003, 6.0521354E-002, 3.6857814E+002, 1.5277899E+001, 1.2148665E+003,-3.4668375E+002, 5.1278447E+000, 3.5156769E+002
 7.6014921E+001, 7.4485573E+001, 1.4967045E-003,-1.0159396E-001, 3.2085194E+002, 1.4845525E+001, 9.1320881E+002,-2.2770367E+002, 4.9590933E+000, 3.4908470E+002
 7.6223193E+001, 6.8958141E+001, 1.3772030E-003,-9.0633635E-002, 3.2629977E+002, 1.3415971E+001, 1.0120453E+003,-2.4289616E+002, 3.9294475E+000, 3.4453175E+002
 7.6428079E+001, 6.8292692E+001, 1.2246236E-003, 1.6747079E-002, 3.4569355E+002, 1.3477975E+001, 1.0483196E+003,-2.9422256E+002, 4.0473323E+000, 3.4193519E+002
 7.6603696E+001, 7.1140545E+001, 1.1792498E-003, 3.6085555E-002, 3.5441258E+002, 1.4301584E+001, 1.0820591E+003,-3.1186913E+002, 4.6709502E+000, 3.4340196E+002
 7.6808582E+001, 7.4556344E+001, 1.2220806E-003, 1.3995745E-001, 3.8160336E+002, 1.5131624E+001, 1.1763346E+003,-3.8948681E+002, 5.2297322E+000, 3.4630967E+002
 7.7013468E+001, 7.6901160E+001, 1.3185444E-003, 1.7167880E-002, 3.5217699E+002, 1.5648644E+001, 1.1501831E+003,-2.8714842E+002, 5.5684920E+000, 3.4908091E+002
 7.7218354E+001, 8.0067727E+001, 1.3985888E-003, 2.4599515E-001, 4.1881030E+002, 1.6429142E+001, 1.3795794E+003,-5.1276179E+002, 6.0431432E+000, 3.5130692E+002
 7.7423240E+001, 8.5419811E+001, 1.5543750E-003, 1.4054757E-001, 3.8715547E+002, 1.7638623E+001, 1.2623095E+003,-3.7322450E+002, 6.9214393E+000, 3.5593627E+002
 7.7628126E+001, 8.5241965E+001, 1.7311767E-003, 1.8033781E-001, 4.0704221E+002, 1.7612184E+001, 1.3809735E+003,-4.2823300E+002, 6.7203627E+000, 3.5790785E+002
 7.7803743E+001, 8.6503314E+001, 1.7833947E-003, 3.6561545E-001, 4.5347376E+002, 1.8096108E+001, 1.4696898E+003,-6.1101775E+002, 7.0652029E+000, 3.5850634E+002
 7.8001194E+001, 9.3894718E+001, 1.9476770E-003, 3.3033547E-001, 4.4326790E+002, 1.9946137E+001, 1.4723616E+003,-5.3670779E+002, 8.4279124E+000, 3.6343780E+002
 7.8205609E+001, 9.6462824E+001, 2.2524224E-003, 3.7232949E-001, 4.6090077E+002, 2.0491071E+001, 1.5586656E+003,-5.9727290E+002, 8.6516933E+000, 3.6724290E+002
 7.8410024E+001, 9.7067663E+001, 2.4066795E-003, 3.1640814E-001, 4.4069683E+002, 2.0616447E+001, 1.5258837E+003,-5.0779707E+002, 8.7075137E+000, 3.6809887E+002
 7.8610906E+001, 8.9952711E+001, 2.3932916E-003, 1.5742659E-001, 4.0247103E+002, 1.8605432E+001, 1.2122155E+003,-3.6366644E+002, 7.2135828E+000, 3.6465661E+002
 7.8821303E+001, 7.9534311E+001, 2.0252276E-003, 2.1947019E-001, 4.1469849E+002, 1.6186930E+001, 1.2588806E+003,-4.1664694E+002, 5.5219180E+000, 3.5593295E+002
 7.9014166E+001, 8.0551111E+001, 1.7916158E-003, 2.6991639E-001, 4.1838414E+002, 1.6768607E+001, 1.2735611E+003,-4.4307250E+002, 6.0481251E+000, 3.5466202E+002
 7.9223905E+001, 8.1810088E+001, 1.8050956E-003, 1.9159380E-001, 3.9992039E+002, 1.6989967E+001, 1.2708524E+003,-3.8762007E+002, 6.2256813E+000, 3.5605082E+002
 7.9414840E+001, 7.8455166E+001, 1.7760654E-003, 1.4635954E-001, 3.8906331E+002, 1.6153802E+001, 1.2659625E+003,-3.7818937E+002, 5.5838730E+000, 3.5401685E+002
 7.9619034E+001, 7.8074226E+001, 1.6764143E-003, 1.7264412E-001, 3.9794301E+002, 1.5965175E+001, 1.2562967E+003,-4.4311367E+002, 5.6348071E+000, 3.5257064E+002
 7.9819903E+001, 7.7205494E+001, 1.6329994E-003,-7.7495799E-002, 3.3146015E+002, 1.5618068E+001, 1.1351648E+003,-2.5187890E+002, 5.4477537E+000, 3.5164270E+002
 8.0020772E+001, 7.2420482E+001, 1.5351434E-003, 3.7855178E-002, 3.6059241E+002, 1.4555324E+001, 1.1966009E+003,-3.4257850E+002, 4.6386968E+000, 3.4855704E+002
 8.0221641E+001, 7.3086172E+001, 1.4177730E-003, 2.1797099E-002, 3.5173111E+002, 1.4730209E+001, 1.1705011E+003,-3.1925174E+002, 4.9029158E+000, 3.4693853E+002
 8.0418346E+001, 7.4643045E+001, 1.4016833E-003, 4.9873868E-002, 3.6190954E+002, 1.5100094E+001, 1.2043766E+003,-3.5175514E+002, 5.1614883E+000, 3.4810376E+002
 8.0613290E+001, 7.5869619E+001, 1.4219042E-003, 5.0692813E-002, 3.6097542E+002, 1.5381024E+001, 1.1826515E+003,-3.3709925E+002, 5.3501095E+000, 3.4896693E+002
 8.0825113E+001, 7.6153114E+001, 1.4477744E-003, 3.6146729E-002, 3.5869995E+002, 1.5376870E+001, 1.1436180E+003,-3.2451196E+002, 5.3378449E+000, 3.4955539E+002
 8.1026476E+001, 7.3814896E+001, 1.4405743E-003,-1.3674094E-001, 3.0989025E+002, 1.4618283E+001, 8.6820265E+002,-2.0857788E+002, 4.8418587E+000, 3.4792239E+002
 8.1227838E+001, 6.8108783E+001, 1.3323037E-003,-1.5427485E-001, 3.0746140E+002, 1.3204067E+001, 9.4223663E+002,-2.0349995E+002, 3.8473848E+000, 3.4368053E+002
 8.1400435E+001, 6.5030659E+001, 1.1976956E-003,-8.1704364E-002, 3.1899106E+002, 1.2574397E+001, 9.5444488E+002,-2.2871578E+002, 3.4128873E+000, 3.3983998E+002
 8.1611139E+001, 6.5683820E+001, 1.0920117E-003,-5.5192654E-002, 3.2655287E+002, 1.2833103E+001, 9.8007897E+002,-2.5152416E+002, 3.6935972E+000, 3.3852252E+002
 8.1819633E+001, 6.9153256E+001, 1.0703281E-003, 5.9500557E-002, 3.5639524E+002, 1.3851966E+001, 1.0668920E+003,-3.3059276E+002, 4.4294880E+000, 3.4076017E+002
 8.2022149E+001, 7.4877907E+001, 1.1383810E-003, 1.5532619E-001, 3.8701179E+002, 1.5304928E+001, 1.1831689E+003,-4.2337025E+002, 5.4095597E+000, 3.4524066E+002
 8.2224666E+001, 8.3353653E+001, 1.3335225E-003, 2.8600288E-001, 4.2419522E+002, 1.7503447E+001, 1.3520142E+003,-5.4429948E+002, 6.9073319E+000, 3.5256225E+002
 8.2427183E+001, 9.1795433E+001, 1.6626742E-003, 3.0029341E-001, 4.3440058E+002, 1.9364973E+001, 1.4174250E+003,-5.4579926E+002, 8.1550985E+000, 3.6010930E+002
 8.2600768E+001, 9.4962279E+001, 2.0235568E-003, 3.0846930E-001, 4.4206782E+002, 2.0001315E+001, 1.4665940E+003,-5.3597336E+002, 8.4360448E+000, 3.6468231E+002
 8.2803285E+001, 9.4205009E+001, 2.2143901E-003, 2.9766458E-001, 4.3707309E+002, 1.9834285E+001, 1.4612285E+003,-4.9047633E+002, 8.2064576E+000, 3.6530663E+002
 8.3008544E+001, 9.1230618E+001, 2.2425678E-003, 3.0080453E-001, 4.3771143E+002, 1.9106019E+001, 1.4645900E+003,-4.8209014E+002, 7.6149597E+000, 3.6372800E+002
 8.3210062E+001, 9.0505711E+001, 2.1922632E-003, 3.7104256E-001, 4.5461541E+002, 1.9030503E+001, 1.5067700E+003,-5.6603161E+002, 7.5693037E+000, 3.6271341E+002
 8.3411581E+001, 9.2826367E+001, 2.2388854E-003, 3.1696518E-001, 4.4181398E+002, 1.9668447E+001, 1.4780973E+003,-5.5020669E+002, 8.1479209E+000, 3.6426738E+002
 8.3620656E+001, 9.1153123E+001, 2.3288873E-003, 1.5734767E-001, 3.9808777E+002, 1.9286829E+001, 1.3926481E+003,-4.2887188E+002, 7.8319911E+000, 3.6432266E+002
 8.3814617E+001, 8.2722031E+001, 2.1954370E-003,-2.5646279E-001, 2.9432270E+002, 1.6833700E+001, 1.2441641E+003,-1.8396824E+002, 6.1750413E+000, 3.5846096E+002
 8.4024075E+001, 6.9406614E+001, 1.7520276E-003,-9.1355967E-001, 1.8705422E+002, 1.3367439E+001, 8.2523458E+002,-4.3725744E+001, 3.9351608E+000, 3.4678662E+002
 8.4221319E+001, 6.6525425E+001, 1.3079535E-003,-2.3734665E-001, 3.1373808E+002, 1.2473634E+001, 1.0011428E+003,-2.4956554E+002, 3.4390434E+000, 3.3853867E+002
 8.4410964E+001, 8.9195921E+001, 1.2824653E-003, 7.6323822E-001, 5.2079541E+002, 1.8920958E+001, 1.6209827E+003,-9.4279425E+002, 7.7791803E+000, 3.5132588E+002
 8.4619812E+001, 1.0955074E+002, 2.2001444E-003, 4.0784241E-001, 4.5738911E+002, 2.4076499E+001, 1.6830569E+003,-5.8557738E+002, 1.1452377E+001, 3.7232110E+002
 8.4817144E+001, 9.9653626E+001, 2.8333022E-003, 1.9472822E-001, 4.1425632E+002, 2.0910442E+001, 1.4770903E+003,-4.4309232E+002, 8.8114383E+000, 3.7128265E+002
 8.5007971E+001, 8.0617420E+001, 2.2919621E-003,-2.7916474E-001, 2.9044057E+002, 1.5936763E+001, 1.1231566E+003,-1.5376793E+002, 5.4527600E+000, 3.5823592E+002
 8.5222651E+001, 6.2491111E+001, 1.6382980E-003,-2.9259665E-001, 2.7569109E+002, 1.1744478E+001, 9.6389911E+002,-1.6039031E+002, 2.6055002E+000, 3.4252776E+002
 8.5413478E+001, 6.0320639E+001, 1.2092660E-003,-1.8465319E-001, 2.8420138E+002, 1.1342729E+001, 8.6921622E+002,-1.8796247E+002, 2.7001158E+000, 3.3553989E+002
 8.5605020E+001, 6.1648609E+001, 1.0585290E-003,-2.0738719E-001, 2.7823541E+002, 1.1741096E+001, 8.0760704E+002,-1.9061269E+002, 3.1117772E+000, 3.3464571E+002
 8.5818603E+001, 6.2280989E+001, 9.8487341E-004,-2.4314746E-001, 2.7307372E+002, 1.1841331E+001, 8.2497299E+002,-1.9227279E+002, 3.1991501E+000, 3.3436272E+002
 8.6015446E+001, 6.3658020E+001, 9.3982656E-004,-1.9206060E-001, 2.8403438E+002, 1.2208756E+001, 8.4318533E+002,-2.2208498E+002, 3.5033251E+000, 3.3470208E+002
 8.6224988E+001, 6.4468983E+001, 9.2756683E-004,-1.9529678E-001, 2.8352716E+002, 1.2457479E+001, 8.4621545E+002,-2.1654877E+002, 3.6929311E+000, 3.3558338E+002
 8.6434530E+001, 6.5642003E+001, 9.3063980E-004,-2.1458676E-001, 2.8068505E+002, 1.2641107E+001, 8.4991838E+002,-2.0388327E+002, 3.8050137E+000, 3.3649848E+002
 8.6609149E+001, 6.5877013E+001, 9.3724507E-004,-1.5782848E-001, 2.9960597E+002, 1.2758684E+001, 9.0785218E+002,-2.3157412E+002, 3.8263316E+000, 3.3685313E+002
 8.6811602E+001, 6.7804834E+001, 9.4790249E-004,-6.8839015E-003, 3.4057259E+002, 1.3364053E+001, 1.0260201E+003,-3.2134341E+002, 4.1560506E+000, 3.3816338E+002
 8.7031259E+001, 7.5727615E+001, 1.0250177E-003, 2.3669614E-001, 4.0440887E+002, 1.5649572E+001, 1.2291150E+003,-5.2869528E+002, 5.7167532E+000, 3.4391826E+002
 8.7209164E+001, 8.9341668E+001, 1.2997362E-003, 4.0386557E-001, 4.5365200E+002, 1.9085410E+001, 1.4552568E+003,-7.1289186E+002, 8.0784419E+000, 3.5510309E+002
 8.7404618E+001, 1.0794429E+002, 1.8976832E-003, 5.4192880E-001, 5.0091577E+002, 2.3387906E+001, 1.6652535E+003,-8.7038402E+002, 1.1110707E+001, 3.6836410E+002
 8.7600071E+001, 1.2095302E+002, 2.9308805E-003, 5.7575592E-001, 5.1510999E+002, 2.6541189E+001, 1.8044648E+003,-8.2243973E+002, 1.3122650E+001, 3.8089995E+002
 8.7817158E+001, 1.1583467E+002, 3.5210451E-003, 2.9722871E-001, 4.4558747E+002, 2.4835440E+001, 1.7166740E+003,-4.5985606E+002, 1.1707091E+001, 3.8062058E+002
 8.8015376E+001, 9.6186274E+001, 3.0176624E-003, 1.1555251E-001, 3.9550803E+002, 1.9543497E+001, 1.5760449E+003,-3.0315796E+002, 7.7631186E+000, 3.6855809E+002
 8.8221318E+001, 8.4337541E+001, 2.2993270E-003, 2.3597034E-001, 4.1947570E+002, 1.7136026E+001, 1.6249553E+003,-3.8144842E+002, 6.1397852E+000, 3.5891606E+002
 8.8414553E+001, 8.6529982E+001, 2.0465788E-003, 3.5650071E-001, 4.4906161E+002, 1.7912695E+001, 1.7059010E+003,-4.8223878E+002, 6.8640759E+000, 3.5820141E+002
 8.8621927E+001, 9.2211158E+001, 2.1461118E-003, 3.9963017E-001, 4.6503351E+002, 1.9341280E+001, 1.6352362E+003,-5.3336228E+002, 7.9459419E+000, 3.6238340E+002
 8.8803379E+001, 9.3578546E+001, 2.3308229E-003, 3.4687591E-001, 4.5543240E+002, 1.9645935E+001, 1.5602316E+003,-4.8232095E+002, 8.1364295E+000, 3.6456837E+002
 8.9010753E+001, 8.9845109E+001, 2.3555466E-003, 2.6296091E-001, 4.2903671E+002, 1.8641872E+001, 1.5010427E+003,-3.9138709E+002, 7.3226369E+000, 3.6297872E+002
 8.9218127E+001, 8.5743434E+001, 2.1808489E-003, 2.7462050E-001, 4.2996190E+002, 1.7660891E+001, 1.4458958E+003,-3.9438607E+002, 6.6250575E+000, 3.5955634E+002
 8.9425501E+001, 8.3098463E+001, 2.0374934E-003, 2.4863497E-001, 4.1789818E+002, 1.7035553E+001, 1.2642375E+003,-3.5560006E+002, 6.1995448E+000, 3.5722945E+002
 8.9606953E+001, 7.9746311E+001, 1.9114861E-003, 2.2415095E-001, 4.1286191E+002, 1.6218305E+001, 1.2828908E+003,-3.5558904E+002, 5.6294584E+000, 3.5472528E+002
 8.9814327E+001, 7.7336593E+001, 1.7758884E-003, 1.6503910E-001, 3.8951854E+002, 1.5726638E+001, 1.2049272E+003,-3.0510220E+002, 5.3255299E+000, 3.5244026E+002
 9.0021701E+001, 7.2907370E+001, 1.6365820E-003,-2.1027579E-002, 3.4561041E+002, 1.4587585E+001, 1.0711609E+003,-2.2272517E+002, 4.5868351E+000, 3.4905641E+002
 9.0210929E+001, 6.9097193E+001, 1.4603470E-003, 7.3654414E-002, 3.6405536E+002, 1.3595448E+001, 9.2543192E+002,-2.8451989E+002, 3.9826827E+000, 3.4488907E+002
 9.0410527E+001, 6.7954057E+001, 1.3294784E-003,-1.0845899E-001, 3.1537085E+002, 1.3381541E+001, 9.1722054E+002,-1.8926798E+002, 3.9134529E+000, 3.4261591E+002
 9.0610124E+001, 6.4729822E+001, 1.2186731E-003,-4.7130360E-002, 3.3154865E+002, 1.2634188E+001, 9.5165144E+002,-2.4447214E+002, 3.4137943E+000, 3.4010360E+002
 9.0812204E+001, 6.6126490E+001, 1.1256611E-003,-1.1876921E-002, 3.3517305E+002, 1.2963096E+001, 9.5618179E+002,-2.6582702E+002, 3.8129795E+000, 3.3916648E+002
 9.1010150E+001, 6.7987776E+001, 1.1119546E-003,-1.3939458E-001, 3.0473889E+002, 1.3342235E+001, 9.5485106E+002,-2.0470066E+002, 4.1144591E+000, 3.4043625E+002
 9.1209473E+001, 6.6482860E+001, 1.0986456E-003,-8.4147358E-002, 3.1946483E+002, 1.2940010E+001, 9.8008208E+002,-2.4605973E+002, 3.7855894E+000, 3.3959900E+002
 9.1405328E+001, 6.7996525E+001, 1.0718458E-003,-5.8544239E-002, 3.2359559E+002, 1.3313424E+001, 9.8553434E+002,-2.6084498E+002, 4.1253379E+000, 3.3979232E+002
 9.1601183E+001, 6.8810256E+001, 1.0871413E-003,-1.0131913E-001, 3.1553117E+002, 1.3541042E+001, 9.8859269E+002,-2.4070993E+002, 4.2443473E+000, 3.4089103E+002
 9.1825016E+001, 6.7861456E+001, 1.0953346E-003,-8.4397282E-002, 3.1876313E+002, 1.3286215E+001, 9.9100941E+002,-2.5427422E+002, 4.0596532E+000, 3.4069160E+002
 9.2029265E+001, 6.7399720E+001, 1.0822046E-003,-1.2675232E-001, 3.0848071E+002, 1.3243295E+001, 9.8534647E+002,-2.3202992E+002, 4.0077383E+000, 3.4009740E+002
 9.2213928E+001, 6.6876169E+001, 1.0646378E-003,-1.0695998E-001, 3.1440568E+002, 1.3106200E+001, 9.9937083E+002,-2.5027219E+002, 3.9279718E+000, 3.3958735E+002
 9.2429368E+001, 6.7897233E+001, 1.0554699E-003,-4.7759613E-002, 3.2846940E+002, 1.3429464E+001, 1.0422324E+003,-2.8403244E+002, 4.1509508E+000, 3.3997732E+002
 9.2614031E+001, 7.0856958E+001, 1.0779034E-003, 3.5441084E-002, 3.5314868E+002, 1.4217307E+001, 1.1236083E+003,-3.4656279E+002, 4.7007466E+000, 3.4193915E+002
 9.2829471E+001, 7.5433142E+001, 1.1696935E-003, 1.3480043E-001, 3.8055002E+002, 1.5450716E+001, 1.2175438E+003,-4.1987327E+002, 5.5027936E+000, 3.4607043E+002
 9.3014134E+001, 8.1844617E+001, 1.3370569E-003, 2.3427562E-001, 4.1197451E+002, 1.6983713E+001, 1.3456495E+003,-5.2149539E+002, 6.5570478E+000, 3.5117236E+002
 9.3229574E+001, 8.8730319E+001, 1.6247580E-003, 2.6584092E-001, 4.2189964E+002, 1.8738530E+001, 1.4391716E+003,-5.3730070E+002, 7.7172573E+000, 3.5801733E+002
 9.3414237E+001, 9.2434984E+001, 1.9534047E-003, 2.3479768E-001, 4.1795966E+002, 1.9522024E+001, 1.4719882E+003,-4.9350172E+002, 8.1687942E+000, 3.6211729E+002
 9.3616419E+001, 9.2064178E+001, 2.1469172E-003, 2.7313568E-001, 4.3122313E+002, 1.9362646E+001, 1.5269940E+003,-5.3470757E+002, 7.9439545E+000, 3.6301761E+002
 9.3808657E+001, 9.2292373E+001, 2.2253342E-003, 2.7235996E-001, 4.2843289E+002, 1.9416243E+001, 1.5196935E+003,-5.1112622E+002, 7.9666359E+000, 3.6316177E+002
 9.4000895E+001, 9.1014652E+001, 2.2727315E-003, 1.9758324E-001, 4.0839154E+002, 1.9023135E+001, 1.4658801E+003,-4.2553186E+002, 7.6718640E+000, 3.6280781E+002
 9.4220595E+001, 8.5182895E+001, 2.1784561E-003, 1.2466175E-001, 3.8934118E+002, 1.7528997E+001, 1.3822439E+003,-3.7047164E+002, 6.5968121E+000, 3.5955441E+002
 9.4400682E+001, 8.1495566E+001, 1.9628243E-003,-5.2662429E-003, 3.5153119E+002, 1.6062464E+001, 1.2305142E+003,-2.7262137E+002, 5.6717320E+000, 3.5463309E+002
 9.4620504E+001, 8.3013743E+001, 1.7471299E-003, 2.1913592E-002, 3.5863478E+002, 1.5820779E+001, 1.3061784E+003,-3.0646424E+002, 5.6402225E+000, 3.5197801E+002
 9.4815901E+001, 7.9360027E+001, 1.6915972E-003,-1.1001915E-001, 3.2266131E+002, 1.5303249E+001, 1.1247946E+003,-2.1451906E+002, 5.3087721E+000, 3.5116035E+002
 9.5001528E+001, 7.1962920E+001, 1.5560840E-003,-1.1716459E-001, 3.1552115E+002, 1.3850034E+001, 1.0525074E+003,-2.0371748E+002, 4.2564655E+000, 3.4723269E+002
 9.5216465E+001, 6.6910378E+001, 1.3599398E-003,-2.3455478E-001, 2.8033687E+002, 1.2662550E+001, 8.2248221E+002,-1.5132240E+002, 3.5202784E+000, 3.4176381E+002
 9.5420655E+001, 6.1483285E+001, 1.1696041E-003,-5.4312970E-001, 2.2254295E+002, 1.1448612E+001, 5.4458543E+002,-7.5270277E+001, 2.7130781E+000, 3.3602075E+002
 9.5628448E+001, 5.5733525E+001, 9.6825271E-004,-5.7293277E-001, 2.1611746E+002, 1.0159859E+001, 5.9943771E+002,-7.3443405E+001, 1.8865371E+000, 3.2931463E+002
 9.5803324E+001, 5.3563220E+001, 8.1409789E-004,-5.0997651E-001, 2.1954398E+002, 9.7185415E+000, 6.0203882E+002,-8.1026501E+001, 1.7110301E+000, 3.2478471E+002
 9.6021248E+001, 5.3485411E+001, 7.0479607E-004,-5.1011625E-001, 2.1734316E+002, 9.7752384E+000, 6.0464237E+002,-8.2582363E+001, 1.8774982E+000, 3.2264333E+002
 9.6226090E+001, 5.3812566E+001, 6.3406522E-004,-4.7108379E-001, 2.2240192E+002, 9.8967623E+000, 6.1446596E+002,-9.1432834E+001, 2.0307855E+000, 3.2173383E+002
 9.6416399E+001, 5.5157852E+001, 5.9095382E-004,-4.5926140E-001, 2.2368826E+002, 1.0174217E+001, 6.1861756E+002,-9.2577350E+001, 2.2830942E+000, 3.2180155E+002
 9.6619924E+001, 5.6358192E+001, 5.7122969E-004,-4.6005954E-001, 2.2423823E+002, 1.0434791E+001, 6.3259245E+002,-9.1893482E+001, 2.4899080E+000, 3.2244468E+002
 9.6823449E+001, 5.6832210E+001, 5.6145195E-004,-4.5898734E-001, 2.2480560E+002, 1.0494526E+001, 6.4525255E+002,-9.1024724E+001, 2.5195936E+000, 3.2287651E+002
 9.7026975E+001, 5.6950593E+001, 5.5330709E-004,-4.2590284E-001, 2.3068314E+002, 1.0511393E+001, 6.7503490E+002,-9.6745256E+001, 2.5299741E+000, 3.2294522E+002
 9.7201425E+001, 5.6905468E+001, 5.4820457E-004,-3.5890480E-001, 2.4177809E+002, 1.0529285E+001, 7.0985606E+002,-1.0965071E+002, 2.5367910E+000, 3.2315850E+002
 9.7407858E+001, 5.7108646E+001, 5.4716654E-004,-2.6813907E-001, 2.5813332E+002, 1.0611408E+001, 7.6709534E+002,-1.3624965E+002, 2.5997073E+000, 3.2374420E+002
 9.7631735E+001, 5.8567347E+001, 5.5462000E-004,-1.9006012E-001, 2.7519625E+002, 1.0974893E+001, 8.2249464E+002,-1.6561254E+002, 2.8725871E+000, 3.2497576E+002
 9.7823631E+001, 6.0939575E+001, 5.7785269E-004,-1.3012939E-001, 2.9563393E+002, 1.1655801E+001, 8.7932981E+002,-1.9532979E+002, 3.3107022E+000, 3.2755747E+002
 9.8015526E+001, 6.3733921E+001, 6.2363623E-004,-6.0588838E-003, 3.3071095E+002, 1.2409390E+001, 9.6797974E+002,-2.6283438E+002, 3.7311109E+000, 3.3076737E+002
 9.8213168E+001, 6.8210995E+001, 7.0181662E-004, 5.5350065E-002, 3.4973528E+002, 1.3575264E+001, 1.0624865E+003,-3.0946505E+002, 4.4792191E+000, 3.3526935E+002
 9.8405388E+001, 7.4121819E+001, 8.4436309E-004, 1.4803032E-001, 3.8025464E+002, 1.5116559E+001, 1.1941172E+003,-4.0040374E+002, 5.4398631E+000, 3.4155016E+002
 9.8600012E+001, 8.3177003E+001, 1.0757879E-003, 2.6271645E-001, 4.1770925E+002, 1.7248076E+001, 1.3253250E+003,-5.3013289E+002, 6.9015149E+000, 3.4939396E+002
 9.8811454E+001, 9.2414860E+001, 1.4925483E-003, 3.1265200E-001, 4.3720566E+002, 1.9522848E+001, 1.4291818E+003,-5.6556681E+002, 8.3617842E+000, 3.5888279E+002
 9.9022541E+001, 9.6566909E+001, 1.9721637E-003, 3.3064033E-001, 4.4561226E+002, 2.0403120E+001, 1.5087585E+003,-5.5916286E+002, 8.7813385E+000, 3.6420486E+002
 9.9211814E+001, 1.0216657E+002, 2.2794426E-003, 5.3172165E-001, 4.9834780E+002, 2.1861154E+001, 1.7425708E+003,-8.1282402E+002, 9.7231356E+000, 3.6739992E+002
 9.9414936E+001, 1.0913559E+002, 2.7856676E-003, 3.1357257E-001, 4.4125783E+002, 2.3335458E+001, 1.5935167E+003,-4.9660648E+002, 1.0831028E+001, 3.7332139E+002
 9.9602290E+001, 9.8656205E+001, 2.8926075E-003, 2.7670371E-001, 4.3961045E+002, 2.0757766E+001, 1.5966118E+003,-4.8355352E+002, 8.7458432E+000, 3.7007651E+002
 9.9818825E+001, 8.7598066E+001, 2.4204928E-003, 1.5417227E-001, 3.9759889E+002, 1.7925199E+001, 1.4132000E+003,-3.3832534E+002, 6.8073620E+000, 3.6138169E+002
 1.0000610E+002, 8.0829785E+001, 2.0608686E-003,-2.5485486E-002, 3.4794207E+002, 1.5803699E+001, 1.2335913E+003,-2.0918747E+002, 5.4131519E+000, 3.5536827E+002
 1.0021886E+002, 7.4834917E+001, 1.7203034E-003,-1.6823552E-001, 3.0454273E+002, 1.4113504E+001, 1.0678700E+003,-1.5224713E+002, 4.3949886E+000, 3.4860498E+002
 1.0042424E+002, 6.6377930E+001, 1.4419721E-003,-1.6390692E-002, 3.4467817E+002, 1.2661010E+001, 1.1097813E+003,-2.3787228E+002, 3.3370395E+000, 3.4266531E+002
 1.0060812E+002, 6.8827241E+001, 1.2692732E-003, 3.0431829E-002, 3.4615757E+002, 1.3387170E+001, 1.0161341E+003,-2.4943506E+002, 4.0064896E+000, 3.4155868E+002
 1.0081828E+002, 6.8016764E+001, 1.2235335E-003,-1.7199761E-001, 3.0168024E+002, 1.3259386E+001, 9.2262006E+002,-1.7087711E+002, 3.9443742E+000, 3.4167510E+002
 1.0100216E+002, 6.4433917E+001, 1.1522411E-003,-3.0522516E-002, 3.3231982E+002, 1.2378090E+001, 9.8558946E+002,-2.3949470E+002, 3.3137867E+000, 3.3913918E+002
 1.0122808E+002, 6.6055144E+001, 1.0768471E-003,-9.0547770E-002, 3.1389406E+002, 1.2826217E+001, 9.5387522E+002,-2.0266344E+002, 3.7553277E+000, 3.3842856E+002
 1.0141957E+002, 6.6562281E+001, 1.0605266E-003,-4.1376795E-002, 3.3085118E+002, 1.3002229E+001, 1.0081561E+003,-2.4686536E+002, 3.8327710E+000, 3.3917964E+002
 1.0162452E+002, 6.8430033E+001, 1.0637866E-003, 1.1813767E-002, 3.4201895E+002, 1.3544232E+001, 9.6218318E+002,-2.7284373E+002, 4.1949579E+000, 3.4026931E+002
 1.0181935E+002, 6.9459093E+001, 1.1013475E-003,-4.2637451E-002, 3.3165686E+002, 1.3716930E+001, 9.4881395E+002,-2.4321315E+002, 4.3245181E+000, 3.4178006E+002
 1.0201418E+002, 6.7861248E+001, 1.1201474E-003,-7.4983890E-002, 3.1982819E+002, 1.3279556E+001, 9.6719849E+002,-2.1685875E+002, 3.9707039E+000, 3.4134063E+002
 1.0220901E+002, 6.5552918E+001, 1.0827887E-003,-1.8616677E-001, 2.9079388E+002, 1.2640740E+001, 8.8227431E+002,-1.7152148E+002, 3.6179456E+000, 3.3901987E+002
 1.0240384E+002, 6.2862235E+001, 1.0222414E-003,-1.3932389E-001, 3.0192276E+002, 1.1971501E+001, 8.7607969E+002,-1.8801058E+002, 3.1357735E+000, 3.3665045E+002
 1.0262651E+002, 6.3328958E+001, 9.5671064E-004,-7.3163978E-002, 3.1595927E+002, 1.2184481E+001, 9.3320738E+002,-2.2273997E+002, 3.3164200E+000, 3.3545689E+002
 1.0280471E+002, 6.4777845E+001, 9.3713416E-004,-1.2870460E-001, 3.0239581E+002, 1.2543754E+001, 9.3043515E+002,-2.0287138E+002, 3.6436377E+000, 3.3619539E+002
 1.0302164E+002, 6.4745593E+001, 9.4156654E-004,-1.1512831E-001, 3.0934757E+002, 1.2580610E+001, 9.6051364E+002,-2.2365201E+002, 3.6066678E+000, 3.3667050E+002
 1.0321145E+002, 6.6947813E+001, 9.4689124E-004,-2.9077910E-002, 3.3006723E+002, 1.3101449E+001, 1.0079876E+003,-2.8083767E+002, 4.0393254E+000, 3.3764415E+002
 1.0341585E+002, 7.0293976E+001, 1.0009576E-003,-5.9130585E-002, 3.2525503E+002, 1.3905858E+001, 1.0173935E+003,-2.6248353E+002, 4.5997498E+000, 3.4077528E+002
 1.0362449E+002, 7.2148653E+001, 1.0884014E-003,-6.1107481E-003, 3.4280296E+002, 1.4310755E+001, 1.0878282E+003,-2.9911534E+002, 4.7793769E+000, 3.4316069E+002
 1.0382763E+002, 7.4942916E+001, 1.1717851E-003, 7.3558432E-002, 3.6538396E+002, 1.5001013E+001, 1.1604357E+003,-3.5421489E+002, 5.2146020E+000, 3.4552595E+002
 1.0402407E+002, 8.0104622E+001, 1.3000515E-003, 1.5987661E-001, 3.9169862E+002, 1.6371487E+001, 1.2736227E+003,-4.3109672E+002, 6.1507422E+000, 3.4963837E+002
 1.0420380E+002, 8.5600097E+001, 1.5203555E-003, 2.1616213E-001, 4.0782156E+002, 1.7688793E+001, 1.3556239E+003,-4.5625012E+002, 6.9917168E+000, 3.5480518E+002
 1.0440921E+002, 8.7746425E+001, 1.7683153E-003, 1.6066051E-001, 3.9712377E+002, 1.8018757E+001, 1.3541340E+003,-3.7798042E+002, 7.1497583E+000, 3.5798589E+002
 1.0461462E+002, 8.3712341E+001, 1.8582772E-003, 1.1321138E-001, 3.8486017E+002, 1.6968011E+001, 1.3258953E+003,-3.1607691E+002, 6.2941274E+000, 3.5655563E+002
 1.0482002E+002, 8.0593035E+001, 1.7765624E-003, 2.3409161E-001, 4.1507174E+002, 1.6416605E+001, 1.3867989E+003,-3.9869997E+002, 5.8298194E+000, 3.5410011E+002
 1.0500247E+002, 8.3558476E+001, 1.7647417E-003, 2.4344449E-001, 4.1483883E+002, 1.7109460E+001, 1.4313773E+003,-4.0606101E+002, 6.4158589E+000, 3.5508117E+002
 1.0520773E+002, 8.4679753E+001, 1.8539956E-003, 2.2270242E-001, 4.1255790E+002, 1.7429529E+001, 1.4336907E+003,-4.0447509E+002, 6.5966610E+000, 3.5677865E+002
 1.0542027E+002, 9.1109810E+001, 1.9271623E-003, 2.5570430E-001, 4.2380429E+002, 1.8693373E+001, 1.5569328E+003,-4.6953005E+002, 7.6413152E+000, 3.5861567E+002
 1.0562140E+002, 1.0322126E+002, 2.3186793E-003, 2.6560660E-001, 4.2878184E+002, 2.1303723E+001, 1.3933631E+003,-4.8543703E+002, 9.5696259E+000, 3.6697492E+002
 1.0580017E+002, 9.0938606E+001, 2.4973515E-003, 5.9287871E-002, 3.8041669E+002, 1.8364017E+001, 1.2277649E+003,-3.0258028E+002, 7.2014143E+000, 3.6328219E+002
 1.0601247E+002, 7.7286202E+001, 2.0350565E-003, 1.1448970E-001, 3.8296324E+002, 1.5372661E+001, 1.2058159E+003,-3.2191288E+002, 4.9984133E+000, 3.5384612E+002
 1.0620912E+002, 7.4538744E+001, 1.7243435E-003, 4.0930149E-002, 3.5963971E+002, 1.4855470E+001, 1.1254366E+003,-2.7645264E+002, 4.8140969E+000, 3.5005382E+002
 1.0641560E+002, 7.1199158E+001, 1.5595755E-003, 2.9098834E-002, 3.5451239E+002, 1.4171744E+001, 1.1204710E+003,-2.7779829E+002, 4.3448678E+000, 3.4710433E+002
 1.0660488E+002, 6.9976882E+001, 1.4302477E-003, 2.0542712E-002, 3.5008865E+002, 1.3928587E+001, 1.1004617E+003,-2.7236854E+002, 4.2472245E+000, 3.4521097E+002
 1.0682120E+002, 6.9437278E+001, 1.3474236E-003,-6.9825697E-004, 3.4376154E+002, 1.3804342E+001, 1.0678512E+003,-2.6585762E+002, 4.2364534E+000, 3.4424945E+002
 1.0701047E+002, 6.8582344E+001, 1.2920877E-003,-3.8889759E-002, 3.3252113E+002, 1.3561876E+001, 1.0432844E+003,-2.4355175E+002, 4.0961397E+000, 3.4331991E+002
 1.0722679E+002, 6.6299079E+001, 1.2286777E-003,-1.2035772E-001, 3.1007125E+002, 1.2946263E+001, 9.8662672E+002,-2.0332308E+002, 3.6936603E+000, 3.4133684E+002
 1.0741607E+002, 6.3550394E+001, 1.1374244E-003,-1.5418913E-001, 2.9638520E+002, 1.2188117E+001, 8.8845006E+002,-1.9074614E+002, 3.2532693E+000, 3.3840302E+002
 1.0760535E+002, 6.3933393E+001, 1.0521691E-003,-6.3845227E-002, 3.2196227E+002, 1.2362048E+001, 1.0965598E+003,-2.5225758E+002, 3.4295134E+000, 3.3704428E+002
 1.0782166E+002, 6.5468084E+001, 1.0214587E-003,-2.2676957E-001, 2.7638196E+002, 1.2536029E+001, 8.3182161E+002,-1.6664412E+002, 3.6565245E+000, 3.3745568E+002
 1.0802176E+002, 6.3302607E+001, 9.9437546E-004,-3.0640156E-001, 2.6218449E+002, 1.2031298E+001, 7.9589709E+002,-1.3958170E+002, 3.2550251E+000, 3.3618623E+002
 1.0820022E+002, 6.0324270E+001, 9.3411345E-004,-3.1191692E-001, 2.5827179E+002, 1.1280181E+001, 7.8198809E+002,-1.3286414E+002, 2.7204189E+000, 3.3310811E+002
 1.0840842E+002, 5.9592621E+001, 8.5799720E-004,-3.2716952E-001, 2.5333674E+002, 1.1124227E+001, 7.7902391E+002,-1.2779607E+002, 2.6953619E+000, 3.3092413E+002
 1.0861663E+002, 5.8621644E+001, 8.0036988E-004,-3.3814457E-001, 2.5054444E+002, 1.0970937E+001, 7.8492108E+002,-1.2738668E+002, 2.6216810E+000, 3.2961633E+002
 1.0881294E+002, 5.7634385E+001, 7.5492294E-004,-3.2718166E-001, 2.5130017E+002, 1.0739813E+001, 7.9653660E+002,-1.3418805E+002, 2.4765884E+000, 3.2826480E+002
 1.0900924E+002, 5.7462517E+001, 7.1462107E-004,-2.5792481E-001, 2.6516443E+002, 1.0763877E+001, 8.3313490E+002,-1.6240226E+002, 2.5566268E+000, 3.2741530E+002
 1.0920381E+002, 5.9695752E+001, 6.9614987E-004,-9.9259249E-002, 3.0420211E+002, 1.1393158E+001, 9.1348431E+002,-2.3228704E+002, 3.0336250E+000, 3.2881764E+002
 1.0941552E+002, 6.6967322E+001, 7.4016858E-004,-2.3189835E-002, 3.2677947E+002, 1.3127711E+001, 9.9789871E+002,-2.6735922E+002, 4.2967381E+000, 3.3413220E+002
 1.0962252E+002, 7.0228364E+001, 8.7117974E-004,-1.1392642E-001, 3.1149039E+002, 1.3886816E+001, 1.0392947E+003,-2.1687687E+002, 4.6215586E+000, 3.3961608E+002
 1.0980365E+002, 6.9065251E+001, 9.5996791E-004,-1.1286501E-002, 3.4029833E+002, 1.3551133E+001, 1.1112403E+003,-2.8477986E+002, 4.2363975E+000, 3.4018041E+002
 1.1001066E+002, 7.3029816E+001, 1.0230160E-003, 8.9223375E-002, 3.6646979E+002, 1.4619720E+001, 1.1809810E+003,-3.4774498E+002, 5.0375297E+000, 3.4268746E+002
 1.1021766E+002, 7.8442353E+001, 1.1853686E-003, 1.4582710E-001, 3.8571599E+002, 1.5978787E+001, 1.2827810E+003,-3.9650863E+002, 5.8816642E+000, 3.4801568E+002
 1.1042467E+002, 8.3566102E+001, 1.4182713E-003, 2.2861412E-001, 4.1038381E+002, 1.7313802E+001, 1.3998471E+003,-4.7477019E+002, 6.7209305E+000, 3.5323565E+002
 1.1060580E+002, 9.0672137E+001, 1.6917516E-003, 3.1290830E-001, 4.3847675E+002, 1.9004834E+001, 1.5050340E+003,-5.6494702E+002, 7.8912563E+000, 3.5850103E+002
 1.1081280E+002, 9.7977255E+001, 2.0947255E-003, 3.7913187E-001, 4.5529517E+002, 2.0801762E+001, 1.4873308E+003,-6.0346769E+002, 9.0860646E+000, 3.6496429E+002
 1.1101980E+002, 9.4978975E+001, 2.4350486E-003, 1.4742554E-001, 4.0238500E+002, 1.9727803E+001, 1.2993489E+003,-3.6015165E+002, 8.2150773E+000, 3.6573851E+002
 1.1121494E+002, 8.3917763E+001, 2.2502550E-003, 1.7214214E-001, 4.0138381E+002, 1.7052957E+001, 1.3083662E+003,-3.6100900E+002, 6.1089728E+000, 3.5917913E+002
 1.1140125E+002, 7.9913240E+001, 1.9335210E-003, 2.1023446E-001, 4.0894188E+002, 1.6345164E+001, 1.2913291E+003,-4.0707724E+002, 5.7405468E+000, 3.5462420E+002
 1.1161825E+002, 8.4246568E+001, 1.8712029E-003, 3.2371609E-001, 4.3722267E+002, 1.7566418E+001, 1.3771475E+003,-5.3980924E+002, 6.6920517E+000, 3.5630385E+002
 1.1182343E+002, 8.8603303E+001, 2.0441951E-003, 1.3307585E-001, 3.8693383E+002, 1.8509217E+001, 1.2877180E+003,-3.7268532E+002, 7.4176201E+000, 3.6010723E+002
 1.1202765E+002, 8.0663873E+001, 2.0552212E-003,-1.2818815E-001, 3.2914538E+002, 1.6516664E+001, 1.2035456E+003,-2.4665129E+002, 5.8870100E+000, 3.5665689E+002
 1.1220270E+002, 7.4073981E+001, 1.7918587E-003,-7.1671255E-002, 3.3731213E+002, 1.4989622E+001, 1.2429616E+003,-2.8539794E+002, 4.7756068E+000, 3.5067696E+002
 1.1242128E+002, 8.0387715E+001, 1.6247867E-003, 2.6901011E-001, 4.2636383E+002, 1.6482444E+001, 1.4368333E+003,-5.7265538E+002, 6.1006495E+000, 3.5129755E+002
 1.1260476E+002, 9.0185561E+001, 1.8455944E-003,-1.4573236E-002, 3.4766638E+002, 1.8328119E+001, 1.2343266E+003,-2.7845822E+002, 7.5367540E+000, 3.5856472E+002
 1.1280238E+002, 8.4598515E+001, 1.9742794E-003, 6.0427556E-002, 3.8339429E+002, 1.6927771E+001, 1.2156807E+003,-3.5175530E+002, 6.2599365E+000, 3.5742050E+002
 1.1301509E+002, 8.1327836E+001, 1.8458264E-003, 1.7137101E-001, 3.9513734E+002, 1.6519586E+001, 1.1622126E+003,-3.7070764E+002, 5.9845555E+000, 3.5451629E+002
 1.1321758E+002, 7.5139106E+001, 1.7860502E-003,-8.7974404E-002, 3.2992529E+002, 1.5003739E+001, 1.0542281E+003,-2.1293081E+002, 4.8720907E+000, 3.5195059E+002
 1.1342006E+002, 6.4934473E+001, 1.4992358E-003,-1.6492846E-001, 2.9889392E+002, 1.2397258E+001, 9.5941183E+002,-1.8880210E+002, 3.1482818E+000, 3.4313563E+002
 1.1361805E+002, 6.1278226E+001, 1.2271391E-003,-2.5209245E-001, 2.7519546E+002, 1.1611161E+001, 8.9982595E+002,-1.6440254E+002, 2.7971358E+000, 3.3728518E+002
 1.1381851E+002, 6.0306152E+001, 1.0616701E-003,-1.6598076E-001, 2.8939522E+002, 1.1401922E+001, 9.0398192E+002,-2.0732927E+002, 2.7988402E+000, 3.3470302E+002
 1.1401997E+002, 6.2278024E+001, 9.7760761E-004,-1.8577344E-001, 2.8617699E+002, 1.1965153E+001, 9.1593633E+002,-2.0652972E+002, 3.2508604E+000, 3.3473123E+002
 1.1422959E+002, 6.3856720E+001, 9.5253147E-004,-1.7469099E-001, 2.9027633E+002, 1.2308605E+001, 9.4138224E+002,-2.1927224E+002, 3.5319511E+000, 3.3579015E+002
 1.1440926E+002, 6.4851711E+001, 9.5370742E-004,-1.5756327E-001, 2.9619387E+002, 1.2528845E+001, 9.7627850E+002,-2.2592971E+002, 3.6458251E+000, 3.3660086E+002
 1.1461888E+002, 6.6487546E+001, 9.6559833E-004,-8.2893061E-002, 3.1859629E+002, 1.3005887E+001, 1.0541377E+003,-2.6645978E+002, 3.9356519E+000, 3.3787408E+002
 1.1481053E+002, 6.9554513E+001, 1.0087456E-003, 2.0192904E-002, 3.4673276E+002, 1.3850452E+001, 1.1376598E+003,-3.3804566E+002, 4.4750130E+000, 3.4046195E+002
 1.1500817E+002, 7.3654582E+001, 1.0999246E-003, 6.1794985E-002, 3.5999139E+002, 1.4946237E+001, 1.2075576E+003,-3.7139855E+002, 5.2125677E+000, 3.4434609E+002
 1.1520581E+002, 7.7829969E+001, 1.2493313E-003, 1.1538265E-001, 3.7871461E+002, 1.5895716E+001, 1.2811734E+003,-4.2482915E+002, 5.8212797E+000, 3.4855161E+002
 1.1541649E+002, 8.1432703E+001, 1.4411342E-003, 9.4855046E-002, 3.7547566E+002, 1.6691065E+001, 1.2742447E+003,-3.9747582E+002, 6.3428186E+000, 3.5236427E+002
 1.1562386E+002, 9.4451154E+001, 1.6853661E-003, 1.1660583E-001, 3.9038561E+002, 1.8981311E+001, 1.4891993E+003,-4.2792498E+002, 8.0774852E+000, 3.5789406E+002
 1.1580160E+002, 9.8174344E+001, 2.0316933E-003, 9.8645256E-002, 3.7994192E+002, 1.9613167E+001, 1.3193086E+003,-3.9477228E+002, 8.3796022E+000, 3.6255644E+002
 1.1600896E+002, 8.7964760E+001, 2.1789707E-003,-8.5013941E-002, 3.3867802E+002, 1.7404647E+001, 1.1748208E+003,-2.6309885E+002, 6.6621029E+000, 3.5975158E+002
 1.1620639E+002, 7.6144085E+001, 1.8863560E-003,-8.9390343E-002, 3.2918115E+002, 1.4893697E+001, 1.0975876E+003,-2.4503604E+002, 4.8415374E+000, 3.5255535E+002
 1.1641691E+002, 7.1006913E+001, 1.5812145E-003,-9.3904733E-002, 3.2340528E+002, 1.3764585E+001, 1.0424179E+003,-2.3178267E+002, 4.1541778E+000, 3.4643174E+002
 1.1661689E+002, 7.0977750E+001, 1.4091799E-003, 5.1858269E-002, 3.6238124E+002, 1.4038597E+001, 1.1373688E+003,-3.3064796E+002, 4.3628933E+000, 3.4510491E+002
 1.1680036E+002, 7.8938112E+001, 1.4029948E-003, 3.0192707E-001, 4.2794946E+002, 1.6354777E+001, 1.3577042E+003,-5.7106290E+002, 6.0234180E+000, 3.4914023E+002
 1.1702136E+002, 1.0022898E+002, 1.7888079E-003, 5.8924451E-001, 5.0719721E+002, 2.1605654E+001, 1.6576205E+003,-9.4114560E+002, 9.7967740E+000, 3.6242664E+002
 1.1721475E+002, 1.2889733E+002, 3.1824302E-003, 7.7632072E-001, 5.6041029E+002, 2.8918027E+001, 1.9901122E+003,-1.1346618E+003, 1.5062690E+001, 3.8123865E+002
 1.1740813E+002, 1.3598099E+002, 4.5120441E-003, 5.0578150E-001, 5.0080315E+002, 2.9924615E+001, 1.9946393E+003,-6.5872161E+002, 1.5721012E+001, 3.8776553E+002
 1.1761594E+002, 1.1343556E+002, 4.0723540E-003, 7.2886109E-002, 3.9042993E+002, 2.3440229E+001, 1.6726539E+003,-2.6234342E+002, 1.0734701E+001, 3.7823320E+002
 1.1781055E+002, 8.5446856E+001, 2.8834457E-003, 1.3138274E-001, 4.0322184E+002, 1.7030188E+001, 1.4930379E+003,-2.9496616E+002, 5.9517466E+000, 3.6236688E+002
 1.1800516E+002, 7.8773321E+001, 2.1553807E-003, 2.2360435E-001, 4.1003304E+002, 1.5790373E+001, 1.3547478E+003,-3.1788938E+002, 5.2253076E+000, 3.5474262E+002
 1.1822410E+002, 8.1551729E+001, 1.9113013E-003, 3.5467294E-001, 4.4996594E+002, 1.6674638E+001, 1.4766258E+003,-4.6309067E+002, 5.9874125E+000, 3.5479055E+002
 1.1840793E+002, 8.9972391E+001, 1.9992716E-003, 4.7777521E-001, 4.8008935E+002, 1.9011894E+001, 1.5451986E+003,-6.0385155E+002, 7.6852716E+000, 3.5992803E+002
 1.1860260E+002, 9.8206519E+001, 2.3783621E-003, 4.5238653E-001, 4.7513347E+002, 2.0907766E+001, 1.5918229E+003,-5.7325669E+002, 8.9781291E+000, 3.6653400E+002
 1.1880808E+002, 9.7595453E+001, 2.6787576E-003, 3.3136643E-001, 4.4525245E+002, 2.0592082E+001, 1.5070293E+003,-4.6426982E+002, 8.6748900E+000, 3.6811723E+002
 1.1900436E+002, 8.8459223E+001, 2.5165919E-003, 2.9236954E-001, 4.3588870E+002, 1.8273786E+001, 1.4357306E+003,-4.5065713E+002, 6.8953804E+000, 3.6264294E+002
 1.1921253E+002, 8.1783077E+001, 2.1948753E-003, 4.5382503E-002, 3.6320699E+002, 1.6530014E+001, 1.0088657E+003,-2.6187554E+002, 5.8655198E+000, 3.5748407E+002
 1.1941861E+002, 7.0270798E+001, 1.8394131E-003,-7.7631518E-002, 3.2908109E+002, 1.3581446E+001, 9.8667679E+002,-2.0462411E+002, 3.8348478E+000, 3.4915843E+002
 1.1960189E+002, 6.4339626E+001, 1.4563054E-003,-1.9193665E-001, 2.8928256E+002, 1.2156131E+001, 8.6101058E+002,-1.4658311E+002, 3.0921191E+000, 3.4158332E+002
 1.1980937E+002, 6.0226942E+001, 1.2239809E-003,-2.6324138E-001, 2.7034431E+002, 1.1243116E+001, 8.1225880E+002,-1.3127855E+002, 2.5127533E+000, 3.3677565E+002
 1.2000000E+002, 5.7680369E+001, 1.0311588E-003,-2.6557367E-001, 2.6588243E+002, 1.0774482E+001, 8.0695409E+002,-1.4546919E+002, 2.3119371E+000, 3.3245394E+002
