FittingGroup,CurveID,gsw,VPDleaf,rh_r,Tleaf,P_atm,Qamb
0,0,0.100860914,1.100469083,57.54,20.97,101.35,989
0,0,0.041491067,2.369083193,57.44,27.84,101.36,1488
0,0,0.03441797,2.06345502,58.09,26.47,101.35,1487
0,0,0.045969243,2.06046409,58.08,26.51,101.36,1388
0,0,0.100373745,1.522594869,58.32,23.84,101.37,380
0,0,0.107646426,1.287771215,58.36,22.49,101.37,570
0,0,0.038859651,1.835354993,58.62,25.5,101.36,1494
0,0,0.074836521,1.633529048,58.83,24.57,101.36,921
0,0,0.104978311,1.322594108,58.03,22.78,101.36,1210
0,0,0.064102238,2.200617038,57.9,27.4,101.36,1539
0,0,0.115677793,1.597375719,58.29,24.51,101.37,1202
0,0,0.086418265,1.864822143,58.45,25.92,101.36,1035
0,0,0.095552783,1.490763869,57.72,23.84,101.36,759
0,0,0.097812489,1.745775713,57.4,25.24,101.34,1059
0,0,0.090788078,1.640809264,57.03,24.63,101.34,1068
0,0,0.062656955,1.959734504,56.84,26.24,101.34,1052
0,0,0.087579113,1.369561982,56.47,23.06,101.34,739
0,0,0.066255384,2.046891912,56.91,26.76,101.35,1475
0,0,0.072696701,1.958239625,56.42,26.3,101.35,1086
0,0,0.063704949,1.810866571,56.38,25.54,101.35,1208
0,0,0.077280294,1.667156136,56.35,24.83,101.36,1171
0,0,0.080757748,1.295461013,57.17,22.89,101.35,1105
0,0,0.065791505,1.879907777,56.96,26.08,101.35,1027
0,0,0.060066556,1.630799659,57.18,24.82,101.36,950
0,0,0.049337942,1.530439645,56.82,24.22,101.35,638
0,0,0.051637773,1.15198647,55.25,21.79,101.35,19
0,0,0.046620743,1.148648946,54.99,21.74,101.36,15
0,0,0.041773698,1.166496386,54.86,21.84,101.35,13
0,0,0.042676034,1.121617464,54.9,21.58,101.36,16
0,0,0.044042693,1.12298168,54.99,21.62,101.36,19
0,0,0.031032319,1.095675339,55.01,21.44,101.35,19
0,0,0.042734127,1.09155329,54.99,21.45,101.36,20
0,0,0.036514027,1.128834483,54.8,21.66,101.36,19
0,0,0.046068224,1.107180464,54.95,21.58,101.36,36
0,0,0.044978858,1.127712946,55.06,21.74,101.36,18
0,0,0.046718639,1.099040464,55.09,21.58,101.36,24
0,0,0.039732204,1.104484354,55.06,21.61,101.36,21
0,0,0.051836938,1.09202768,55.36,21.62,101.37,37
0,0,0.052988358,1.093163483,55.46,21.66,101.36,34
0,0,0.04525583,1.130884154,55.21,21.86,101.37,35
0,0,0.02901147,1.1247209,55.91,21.93,101.36,28
0,0,0.036202406,1.1129499,56.2,21.93,101.36,27
0,0,0.058411968,1.067301897,56.22,21.7,101.37,38
0,0,0.049492806,1.08920214,55.99,21.8,101.37,19
0,0,0.047859706,1.065306716,56.34,21.72,101.36,28
0,0,0.051286645,1.100523842,56.54,22,101.37,23
0,0,0.058340671,1.094818825,55.78,21.87,101.36,36
0,0,0.070944837,1.105524976,55.86,21.99,101.36,21
0,0,0.063077929,1.092266993,55.82,21.9,101.37,33
0,0,0.047566429,1.078880696,55.64,21.77,101.37,30
0,0,0.027775879,2.708062378,49.25,30.3,101.41,1359
0,0,0.018222552,2.846569632,49.96,30.93,101.41,1328
0,0,0.058627532,2.244243987,49.36,28.46,101.41,1395
0,0,0.057115037,2.006001652,48.9,27.3,101.4,1218
0,0,0.057680929,2.308625181,48.94,28.71,101.41,1479
0,0,0.039735809,2.225011356,48.81,28.29,101.4,1384
0,0,0.035516241,1.968037211,49.39,27.19,101.4,1300
0,0,0.064302749,2.978554301,50.18,31.7,101.41,1735
0,0,0.044006355,2.700593142,50.14,30.56,101.41,1466
0,0,0.070865697,2.852987684,49.84,31.23,101.39,1710
0,0,0.051134951,3.059884753,49.42,31.93,101.39,1694
0,0,0.065555898,2.468836941,50,29.71,101.4,1519
0,0,0.040271453,3.09193975,49.78,32.09,101.4,1591
0,0,0.06300831,2.323142577,49.3,29.01,101.4,1575
0,0,0.025425236,2.330095576,50.68,29.17,101.4,1028
0,0,0.043115857,3.024471618,50.62,32.01,101.41,1683
0,0,0.045728005,3.224485921,50.54,32.76,101.4,1653
0,0,0.049893504,2.589072912,50.45,30.34,101.41,1370
0,0,0.046558316,1.942053004,49.47,27.38,101.41,1087
0,0,0.041551702,2.691485006,50.69,30.81,101.41,1611
0,0,0.052025332,2.112119081,50.24,28.34,101.41,1455
0,0,0.046139816,2.152022612,49.26,28.37,101.41,1238
0,0,0.069743259,2.729947412,49.71,30.96,101.4,1590
0,0,0.078938451,2.840521756,49.7,31.44,101.4,1639
0,0,0.069537236,2.722514618,49.49,30.94,101.4,1570
0,0,0.028077718,1.58350321,48.75,25.68,101.39,33
0,0,0.012779397,1.523900158,49.05,25.4,101.4,37
0,0,0.021326462,1.566255578,48.97,25.63,101.4,21
0,0,0.027775263,1.518617158,48.95,25.4,101.4,39
0,0,0.024945459,1.532410993,49.11,25.5,101.4,33
0,0,0.02587576,1.522159269,48.93,25.42,101.4,31
0,0,0.021592456,1.515308067,48.92,25.38,101.4,36
0,0,0.026164586,1.535937993,48.91,25.5,101.4,36
0,0,0.01555394,1.591070292,48.94,25.77,101.4,35
0,0,0.012934528,1.523989211,48.86,25.41,101.4,21
0,0,0.018903552,1.55386341,48.58,25.53,101.4,33
0,0,0.023805108,1.530072067,48.35,25.38,101.4,35
0,0,0.020012073,1.526842993,48.35,25.36,101.4,28
0,0,0.008286189,1.544463962,47.92,25.35,101.4,22
0,0,0.007262247,1.563398211,47.71,25.41,101.4,13
0,0,0.030259197,1.72850347,47.19,26.23,101.39,24
0,0,0.023696723,1.699600365,47.15,26.07,101.4,35
0,0,0.008575815,1.724667751,47.3,26.19,101.4,18
0,0,0.010615624,1.711594064,46.7,26.03,101.4,18
0,0,0.003948178,1.778900793,46.54,26.33,101.39,15
0,0,0.006880179,1.678122648,46.38,25.81,101.39,18
0,0,0.009078697,1.683520965,46.28,25.83,101.4,30
0,0,0.014240236,1.674897659,46.49,25.84,101.39,36
0,0,0.005343206,1.660561893,47.13,25.87,101.39,40
0,0,0.012364237,1.730101708,46.34,26.1,101.39,36
0,0,0.052245514,3.123906606,41.81,32.41,101.37,1606
0,0,0.060503553,3.138331548,42.09,32.54,101.36,1617
0,0,0.053970238,3.815093422,41.79,34.83,101.34,1424
0,0,0.060219186,3.402727611,41.66,33.45,101.34,943
0,0,0.039183623,4.296923252,41.22,36.25,101.36,1729
0,0,0.037451053,2.884467197,41.33,31.48,101.35,1667
0,0,0.057278971,3.680497128,41.66,34.45,101.36,1606
0,0,0.050911834,3.596615417,41.38,34.12,101.37,1565
0,0,0.047329681,2.940402281,41.1,31.73,101.37,1619
0,0,0.053573335,3.512116688,41.33,33.86,101.37,1558
0,0,0.043220647,3.803014059,41.02,34.77,101.38,1710
0,0,0.055001062,4.028043826,40.97,35.54,101.38,1632
0,0,0.024060765,3.846090892,41.02,34.87,101.38,1405
0,0,0.04122428,3.198078927,41.63,32.82,101.38,1284
0,0,0.044901399,3.813526324,41.37,34.91,101.37,1700
0,0,0.055703472,4.511820929,41.04,37.08,101.37,1818
0,0,0.048627959,4.568393842,40.47,37.16,101.36,1775
0,0,0.045125678,3.977502418,40.34,35.34,101.37,1778
0,0,0.049580334,4.269376978,40.36,36.28,101.37,1762
0,0,0.055338601,3.613155875,39.81,34.13,101.38,1658
0,0,0.039413242,4.187921814,39.76,35.94,101.38,1835
0,0,0.050841572,3.570175127,39.73,34.01,101.37,896
0,0,0.041949984,3.677264129,39.64,34.34,101.38,1831
0,0,0.024472792,3.611985105,39.67,34.08,101.37,1065
0,0,0.026827531,3.303758898,38.74,32.95,101.39,1288
0,0,0.018530396,2.630811848,36.55,30.29,101.39,11
0,0,-0.009955383,2.831372422,36.66,31.02,101.39,12
0,0,0.019204799,2.648273042,36.66,30.39,101.39,11
0,0,0.028646247,2.515143739,36.25,29.8,101.39,19
0,0,0.021104137,2.559535237,36.17,29.95,101.39,17
0,0,0.172029634,2.430993576,35.79,29.79,101.37,21
0,0,0.180740042,2.33607486,35.66,29.37,101.38,17
0,0,0.155715865,2.342375715,35.59,29.32,101.37,26
0,0,0.01748507,2.554335739,35.37,29.8,101.38,30
0,0,0.024279882,2.523815404,35.52,29.72,101.38,27
0,0,0.0156481,2.69337398,36.9,30.64,101.38,25
0,0,0.020198601,2.544933131,37.27,30.12,101.37,29
0,0,0.021096829,2.47049255,36.37,29.64,101.38,42
0,0,0.008624904,2.544032589,36.46,29.92,101.37,17
0,0,0.005490713,2.460788182,37.02,29.67,101.37,16
0,0,0.007299314,2.401799955,37.41,29.5,101.37,16
0,0,0.009880188,2.40710579,37.48,29.54,101.37,14
0,0,0.02467658,2.395789114,37.38,29.51,101.37,20
0,0,0.014387309,2.608775162,37.21,30.32,101.37,13
0,0,0.006758585,2.485896543,37.47,29.84,101.37,18
0,0,0.007932603,2.472420116,37.61,29.81,101.37,22
0,0,0.007852341,2.474411739,37.54,29.8,101.37,23
0,0,0.016526128,2.504528815,37.23,29.88,101.37,22
0,0,0.021582437,2.424304465,36.33,29.38,101.37,28
0,0,0.012322898,2.337035914,39.5,29.16,101.38,18
0,0,0.047325489,4.424171185,37.96,37.09,101.38,1754
0,0,0.053990171,4.234239871,38.05,36.57,101.37,1480
0,0,0.041813451,3.767954484,38.26,35.12,101.44,1548
0,0,0.048905585,4.030152147,37.37,35.85,101.43,1764
0,0,0.045479157,3.373531363,36.22,33.51,101.41,1474
0,0,0.044386921,3.082876612,36.07,32.45,101.41,1006
0,0,0.037285881,4.548127184,37.03,37.34,101.41,1835
0,0,0.041564853,4.607652474,38.01,37.67,101.4,1836
0,0,0.044461528,3.335595112,37.81,33.68,101.4,921
0,0,0.045574645,5.144861344,37.31,39.09,101.4,1737
0,0,0.045530523,4.035670982,36.96,35.86,101.4,1681
0,0,0.036450741,4.26055015,36.37,36.44,101.39,1812
0,0,0.013742967,4.189766858,35.42,36.01,101.38,1316
0,0,0.022716569,4.332631003,35.19,36.45,101.39,1801
0,0,0.022405464,4.487361492,34.95,36.88,101.39,1814
0,0,0.022409781,4.41888404,36.12,36.86,101.39,1734
0,0,0.031904407,4.712844015,35.65,37.69,101.39,849
0,0,0.033309384,4.423641717,36.54,37,101.39,1697
0,0,0.037962467,4.559059204,36.23,37.37,101.39,1410
0,0,0.032499825,4.073525911,36.19,35.9,101.39,1464
0,0,0.049507676,4.439740115,36.64,37.15,101.39,1753
0,0,0.050247354,4.008706143,37.3,35.96,101.39,1559
0,0,0.057329377,3.74059243,35.92,34.92,101.39,1630
0,0,0.054646693,3.715272209,35.4,34.75,101.39,1257
0,0,0.047782935,4.120046558,35.83,36.09,101.4,1686
0,0,0.008230956,3.033274017,34.38,32.27,101.4,13
0,0,0.012065836,3.194420525,34.46,32.88,101.39,12
0,0,0.006474485,3.286700688,34.42,33.18,101.39,12
0,0,0.010491073,3.00760194,34.51,32.21,101.39,11
0,0,0.015044489,3.023057807,34.4,32.26,101.39,12
0,0,0.027645846,2.957487396,34.27,32.03,101.39,18
0,0,0.02945212,3.064628076,34.33,32.44,101.39,18
0,0,0.014750795,2.98032975,34.37,32.09,101.39,21
0,0,0.014520981,2.969188565,34.44,32.06,101.39,19
0,0,0.024999056,2.99088322,35.37,32.35,101.39,17
0,0,0.027244544,2.877456577,35.24,31.91,101.39,23
0,0,0.01797402,2.855082141,35.62,31.87,101.39,20
0,0,0.023751131,2.847273213,35.39,31.81,101.39,18
0,0,0.020405633,2.903318724,34.54,31.84,101.39,19
0,0,0.013806767,2.957870833,34.12,31.94,101.39,18
0,0,0.009052454,2.983368442,33.94,31.98,101.39,19
0,0,0.006342203,2.972699045,34.15,31.97,101.39,17
0,0,0.013533055,2.926341344,34.38,31.86,101.39,16
0,0,0.013587998,3.065920574,34.16,32.33,101.39,14
0,0,0.00958155,2.914434898,34.55,31.83,101.38,17
0,0,0.011471801,3.135139788,34.5,32.63,101.38,17
0,0,0.012742046,3.151811741,34.66,32.72,101.39,17
0,0,0.002279625,2.929019141,34.66,31.87,101.38,12
0,0,0.00425621,2.943540753,34.67,31.93,101.38,19
0,0,0.003464026,2.958066169,34.73,31.99,101.38,16
0,0,0.03132049,4.354877939,35.94,36.97,101.38,1293
0,0,0.030869018,4.594086298,36.16,37.7,101.37,1257
0,0,0.049744517,4.622750556,36.46,37.91,101.36,1504
0,0,0.045612228,4.633473076,36.66,37.96,101.36,1478
0,0,0.041018475,4.883565401,36.92,38.68,101.36,1637
0,0,0.037794723,5.01657996,37.05,39.05,101.36,1613
0,0,0.041501962,4.134881138,36.4,36.48,101.35,337
0,0,0.023964499,4.008357702,36.24,36.02,101.36,1429
0,0,0.03610329,3.840206945,36.38,35.57,101.36,1378
0,0,0.038555246,3.68101953,36.52,35.1,101.36,1353
0,0,0.037817385,5.132008006,36.96,39.38,101.36,1743
0,0,0.044057375,4.773248425,36.96,38.45,101.36,1800
0,0,0.035660149,5.225092526,36.45,39.56,101.36,1624
0,0,0.034261163,5.100503046,35.77,39.15,101.33,1481
0,0,0.03515083,4.743155961,35.37,38.14,101.34,1477
0,0,0.023292902,4.338383939,35.5,36.97,101.37,1592
0,0,0.047533283,5.65509705,37.67,40.95,101.4,1829
0,0,0.041529108,3.522310874,36.72,34.79,101.36,581
0,0,0.037529182,4.015350948,35.37,36.11,101.39,1273
0,0,0.038429908,4.387878842,34.92,37.16,101.38,1817
0,0,0.03431658,4.305615152,34.73,36.89,101.39,1400
0,0,0.035809266,4.328841035,34.48,36.93,101.38,1421
0,0,0.052296623,4.208998515,34.13,36.58,101.38,1031
0,0,0.033184175,4.56706514,34.06,37.57,101.39,1701
0,0,0.029062235,5.14958859,34.3,39.2,101.39,1838
0,0,0.006726948,3.375280055,33.51,33.72,101.39,18
0,0,0.00827145,3.386936243,33.9,33.84,101.39,17
0,0,0.005709432,3.314797682,33.97,33.6,101.39,20
0,0,0.002345663,3.34731939,33.7,33.65,101.39,20
0,0,0.009593637,3.340766206,33.9,33.69,101.39,16
0,0,-0.001012273,3.29807812,34.16,33.56,101.4,16
0,0,0.001162671,3.285519363,34.09,33.51,101.39,19
0,0,0.002967222,3.322871,34.07,33.64,101.39,18
0,0,0.008579951,3.509321262,34.1,34.29,101.39,20
0,0,0.006485332,3.362339833,34.67,33.9,101.39,21
0,0,0.014047211,3.420145852,34.3,34.05,101.4,32
0,0,0.009739221,3.514970233,34.4,34.37,101.4,31
0,0,0.007015839,3.419258875,34.86,34.13,101.4,18
0,0,0.005498064,3.46144616,34.88,34.27,101.4,16
0,0,-0.001587692,3.431666978,35.05,34.18,101.4,11
0,0,0.006778104,3.511009921,34.72,34.41,101.4,11
0,0,0.001561229,3.468992301,34.74,34.26,101.4,9
0,0,0.005079442,3.381284014,34.52,33.94,101.39,8
0,0,0.000579636,3.460188966,34.79,34.24,101.4,9
0,0,0.007398503,3.368796541,34.86,33.97,101.39,9
0,0,0.006548599,3.314519754,34.88,33.79,101.39,13
0,0,0.006826198,3.351218833,34.8,33.9,101.39,11
0,0,0.00599952,3.361649543,34.17,33.82,101.38,15
0,0,0.00432326,3.38904127,34.53,33.98,101.38,29
0,0,0.012940441,3.371530543,33.84,33.82,101.38,16
1,1,0.119866235,1.794580619,55.64,26.2,101.37,1356
1,1,0.129187414,2.189808659,54.87,28.09,101.36,1657
1,1,0.056380027,2.085937815,54.84,27.43,101.37,1517
1,1,0.173452005,1.915811509,54.98,26.95,101.37,1495
1,1,0.061532893,1.909407248,54.97,26.71,101.38,1421
1,1,0.16094112,1.843020807,54.83,26.64,101.38,1363
1,1,0.118179712,1.917630167,54.8,26.93,101.38,1485
1,1,0.105914129,1.736371101,54.3,25.97,101.38,891
1,1,0.153588739,1.581049631,53.7,25.21,101.39,883
1,1,0.096501799,1.884821685,53.17,26.61,101.38,1403
1,1,0.123104165,1.66543541,52.92,25.53,101.39,1005
1,1,0.103382252,1.952241175,54.52,27.22,101.37,1627
1,1,0.134092945,2.049328351,54.38,27.76,101.37,1169
1,1,0.111598263,2.243960123,54.22,28.6,101.37,1561
1,1,0.106740992,1.85464471,53.78,26.7,101.37,1344
1,1,0.075914045,2.10627737,53.28,27.78,101.38,1588
1,1,0.192437472,1.946793459,53.76,27.42,101.39,1622
1,1,0.137637699,1.895224107,53.39,27.02,101.39,1553
1,1,0.144814614,2.030289173,53.45,27.73,101.4,1523
1,1,0.08082372,2.246861139,53.23,28.58,101.39,1627
1,1,0.174867455,2.238960001,53.21,28.81,101.39,1600
1,1,0.135245448,2.494524116,52.9,29.81,101.4,1643
1,1,0.08693555,2.121430453,52.77,28.02,101.4,1645
1,1,0.107743579,2.162609987,53.87,28.46,101.4,1595
1,1,0.186489729,2.479642248,53.59,30.04,101.4,1418
1,1,0.031180566,1.283561753,50.19,23.54,101.41,26
1,1,0.031180566,1.283561753,50.19,23.54,101.41,26
1,1,0.01922429,1.246707326,50.47,23.36,101.41,28
1,1,0.03764665,1.299865312,50.77,23.8,101.42,29
1,1,0.051653734,1.343015092,51.11,24.23,101.41,41
1,1,0.068328688,1.249465564,51.1,23.74,101.41,38
1,1,0.037255729,1.216449245,50.24,23.34,101.41,35
1,1,0.022856483,1.272313442,50.13,23.68,101.39,36
1,1,0.077530055,1.262035851,49.81,23.67,101.39,34
1,1,0.05749827,1.340566973,49.54,24.03,101.39,6
1,1,0.05978949,1.328807049,49.32,23.93,101.39,369
1,1,0.049356748,1.392806437,50.17,24.42,101.4,38
1,1,0.043557378,1.315259045,49.83,23.92,101.39,40
1,1,0.059838581,1.271206654,50.25,23.78,101.39,37
1,1,0.058783304,1.377011086,50.39,24.4,101.4,67
1,1,0.059279533,1.255745964,50.23,23.69,101.4,45
1,1,0.12600599,1.223603125,50.72,23.72,101.4,36
1,1,0.097567256,1.301224516,50.59,24.09,101.4,41
1,1,0.066871395,1.196488326,50.23,23.36,101.4,140
1,1,0.081926576,1.28938486,50.1,23.9,101.41,37
1,1,0.031063515,1.32848486,49.45,23.9,101.4,43
1,1,0.067408514,1.350927029,49.93,24.19,101.4,74
1,1,0.017862107,1.304543137,50.15,23.87,101.4,47
1,1,0.021469201,1.263832739,50.75,23.76,101.4,46
1,1,0.068763514,1.215832442,51.3,23.68,101.4,53
1,1,0.173355997,2.189217553,47.65,29.05,101.42,1210
1,1,0.153322542,2.261557031,48.81,29.53,101.42,1137
1,1,0.115886713,2.106491581,48.99,28.82,101.42,1185
1,1,0.160068281,2.49905727,49.37,30.71,101.39,1579
1,1,0.083743547,2.353817558,49.86,30.02,101.38,1477
1,1,0.179842838,1.834487787,48.58,27.74,101.38,1580
1,1,0.221804682,2.09932356,47.15,28.86,101.4,1513
1,1,0.186256611,2.35299279,47.67,30.03,101.4,1510
1,1,0.20123695,2.083677387,46.46,28.7,101.4,1382
1,1,0.171161201,2.908477574,47.95,32.33,101.4,1776
1,1,0.157148069,2.697320413,47.66,31.45,101.4,1492
1,1,0.164028861,2.489563583,47.65,30.68,101.39,1426
1,1,0.203689654,2.799424353,45.62,31.8,101.39,1735
1,1,0.155548158,2.759445491,45.5,31.52,101.39,1660
1,1,0.169972012,2.40626178,44.46,29.97,101.39,1485
1,1,0.235664757,2.230666825,44.72,29.42,101.39,1669
1,1,0.235333318,2.232632751,45.36,29.55,101.4,1670
1,1,0.111499306,2.882864565,46.25,32.06,101.4,1562
1,1,0.21194931,2.137376328,46.26,29.27,101.4,1462
1,1,0.162292775,2.813665045,46.22,31.97,101.4,1751
1,1,0.091109806,2.150367329,46.41,29.11,101.4,1446
1,1,0.171969354,2.918141076,46.27,32.44,101.41,1696
1,1,0.135107613,2.611533067,45.87,31.13,101.41,1707
1,1,0.164408415,2.634427215,45.63,31.27,101.41,1755
1,1,0.161734495,3.124166987,44.55,33,101.41,1730
1,1,0.133746322,1.852999173,44.9,27.73,101.42,53
1,1,0.065679743,2.058321093,44.54,28.47,101.41,39
1,1,0.075407605,1.855305731,44.82,27.62,101.42,983
1,1,0.075411853,1.836957788,46.3,27.82,101.42,42
1,1,0.108238479,1.855503583,47.49,28.2,101.42,96
1,1,0.037507917,1.993585275,47.42,28.68,101.42,30
1,1,0.061949178,2.058959028,42.41,28.45,101.4,69
1,1,0.039716764,1.889223175,42.19,27.58,101.4,70
1,1,0.045294094,1.95254126,41.75,27.81,101.39,74
1,1,0.095189993,1.967178069,41.02,27.86,101.39,77
1,1,0.051059629,2.05047606,40.56,28.05,101.39,74
1,1,0.04686696,1.906510815,40.87,27.43,101.39,47
1,1,0.046088298,1.8818562,41.37,27.41,101.39,33
1,1,0.055959445,2.018506659,41.5,28.09,101.39,52
1,1,0.050724342,1.911054173,42.14,27.73,101.39,35
1,1,0.059212958,2.038035021,41.99,28.3,101.39,20
1,1,0.036430276,1.802506027,42.05,27.16,101.39,25
1,1,0.058822862,1.915989351,42.13,27.76,101.38,33
1,1,0.111027617,2.017481431,42.4,28.4,101.38,35
1,1,0.057282726,2.123497275,42.06,28.68,101.39,33
1,1,0.039175992,2.036158346,44.01,28.61,101.39,42
1,1,0.054190633,2.122045346,43.61,28.95,101.38,42
1,1,0.04154013,2.13949956,42.89,28.86,101.38,38
1,1,0.060414462,1.945394428,42.44,27.95,101.38,1634
1,1,0.073628859,1.915336246,42.74,27.9,101.38,49
1,1,0.070464248,2.778220215,39.85,31.27,101.37,692
1,1,0.151334787,2.459564659,40.99,30.42,101.38,1623
1,1,0.149084682,3.369029833,41.01,33.9,101.38,1685
1,1,0.135906305,3.61719891,40.15,34.61,101.39,1848
1,1,0.086655795,4.231007915,38.15,36.17,101.39,1823
1,1,0.174392272,3.677410467,37.94,34.64,101.39,1820
1,1,0.121209713,2.793762731,38.1,31.29,101.39,1521
1,1,0.136850301,2.813491667,38.88,31.55,101.4,1549
1,1,0.112674291,3.63421847,37.09,34.22,101.4,1768
1,1,0.107962984,3.539698057,37.38,33.93,101.4,1799
1,1,0.095502065,3.474573754,38.12,33.79,101.39,1705
1,1,0.133683242,3.288425057,39.07,33.41,101.36,1382
1,1,0.161845925,3.429779883,38.26,33.88,101.41,1521
1,1,0.172001092,3.441157243,37.47,33.84,101.4,1075
1,1,0.100484569,3.692892616,38.08,34.59,101.39,1674
1,1,0.125876318,3.267597254,38.12,33.21,101.35,1086
1,1,0.09764985,3.20309215,37.21,32.77,101.36,1450
1,1,0.099729309,3.979536773,37.7,35.52,101.36,1795
1,1,0.157826152,3.751429585,38.25,35.05,101.37,1793
1,1,0.138687521,3.394481541,39.4,33.97,101.36,1588
1,1,0.070508893,3.513485833,37.46,33.9,101.35,1230
1,1,0.214678041,3.300314768,38.4,33.75,101.37,1672
1,1,0.141729916,3.43799416,39.69,34.27,101.34,1621
1,1,0.204261274,3.245128377,38.53,33.61,101.37,1672
1,1,0.225056097,3.375604301,39.29,34.26,101.37,1683
1,1,0.051057808,2.483524659,37.12,30.19,101.38,55
1,1,0.07293289,2.566947976,37.29,30.63,101.38,52
1,1,0.055716101,2.709220527,37.66,31.22,101.37,53
1,1,0.075633992,2.595712703,37.11,30.73,101.38,50
1,1,0.063276143,2.347739809,37.05,29.68,101.38,52
1,1,0.045908629,2.544544242,37.96,30.65,101.38,81
1,1,0.036443642,2.614678329,37.2,30.76,101.38,448
1,1,0.06934104,3.080099649,36.42,32.5,101.37,80
1,1,0.06577518,2.52826415,36.21,30.31,101.37,58
1,1,0.06448286,2.799914498,34.92,31.15,101.37,126
1,1,0.05013818,2.536939987,35.03,30.07,101.37,22
1,1,0.057598152,2.536577955,35.04,30.09,101.37,24
1,1,0.090465913,2.456974543,35,29.84,101.38,25
1,1,0.053642576,2.667096187,34.75,30.55,101.38,26
1,1,0.059722073,2.727463459,36.12,31.08,101.37,54
1,1,0.054256645,2.701630222,36.15,30.97,101.36,56
1,1,0.044717423,2.590086763,36.98,30.66,101.36,57
1,1,0.053179963,2.446191121,37.73,30.25,101.37,68
1,1,0.054404491,2.803554731,35.68,31.29,101.37,68
1,1,0.069095575,2.638274841,34.86,30.52,101.36,129
1,1,0.065796196,2.541896056,35.13,30.17,101.37,43
1,1,0.025509277,2.696175884,35.2,30.69,101.38,168
1,1,0.058585489,2.608587002,35.04,30.4,101.37,274
1,1,0.05991649,2.669032543,35.15,30.67,101.37,401
1,1,0.052967804,2.450520518,35.54,29.83,101.36,74
1,1,0.155364413,4.153752807,35.45,36.63,101.38,1653
1,1,0.106933349,4.256110075,35.74,36.84,101.38,1686
1,1,0.124588452,3.729893729,35.4,35.21,101.37,1354
1,1,0.121991706,3.53660791,35.66,34.61,101.37,1205
1,1,0.174291455,3.54469102,35.66,34.8,101.39,1583
1,1,0.18667864,4.360858242,36.67,37.59,101.36,1628
1,1,0.187923367,4.431316556,37.35,37.91,101.36,1614
1,1,0.150418037,5.015089634,36.87,39.37,101.38,1708
1,1,0.177808205,3.2307721,35.56,33.74,101.38,669
1,1,0.125173431,3.322620756,36.47,34.09,101.38,666
1,1,0.112350851,3.911468814,36.08,35.94,101.36,1502
1,1,0.093539776,3.867143945,34.96,35.57,101.37,1476
1,1,0.108810357,4.347300723,34.4,37.02,101.41,1671
1,1,0.153087102,4.02086434,34.21,36.14,101.4,1604
1,1,0.113059651,3.957701987,34.2,35.82,101.38,1508
1,1,0.162266906,3.691516755,33.86,35.06,101.38,1513
1,1,0.154249772,3.16113726,34.3,33.28,101.37,1306
1,1,0.078262233,3.42670827,34.21,33.98,101.37,1277
1,1,0.119141204,3.57709939,34.67,34.71,101.43,1702
1,1,0.106788998,3.815114763,33.9,35.33,101.42,1010
1,1,0.148841424,4.736271298,34.35,38.35,101.41,1827
1,1,0.112109998,4.461163844,34.82,37.51,101.41,1484
1,1,0.123752133,3.873816789,33.96,35.63,101.41,1375
1,1,0.113908059,3.43853147,34.26,34.22,101.41,769
1,1,0.105564536,3.529487245,34.53,34.57,101.38,735
1,1,0.07817308,2.947888492,34.26,32.4,101.41,74
1,1,0.091140483,2.872176508,33.73,32.05,101.4,57
1,1,0.049885141,3.048863548,33.38,32.54,101.39,76
1,1,0.052971539,3.170133814,33.81,33.07,101.39,90
1,1,0.049678348,3.288940148,33.08,33.34,101.39,83
1,1,0.074313497,3.135679088,32.72,32.8,101.38,79
1,1,0.042880115,3.123888512,32.83,32.68,101.39,72
1,1,0.047831499,3.101795117,33.07,32.66,101.39,58
1,1,0.077137903,3.088808512,32.95,32.68,101.41,133
1,1,0.054597038,3.125843277,33.44,32.84,101.4,21
1,1,0.075434888,3.057653921,33.89,32.76,101.39,6
1,1,0.048581051,3.303329362,33.82,33.54,101.39,12
1,1,0.056261251,3.058775921,34.16,32.76,101.39,63
1,1,0.054014905,3.106051927,33.63,32.82,101.39,30
1,1,0.069759276,3.048475235,33.24,32.58,101.39,29
1,1,0.05811765,3.046847074,32.65,32.42,101.38,49
1,1,0.047541489,3.319636827,32.95,33.42,101.38,42
1,1,0.028757368,3.003475649,34.33,32.5,101.38,76
1,1,0.076747707,3.003930868,35.74,32.92,101.38,422
1,1,0.034467929,3.274166112,35.37,33.68,101.39,44
1,1,0.074637618,3.061807319,35.6,33.1,101.38,77
1,1,0.048823326,3.042143413,34.96,32.83,101.38,48
1,1,0.04909052,3.12134763,35.24,33.17,101.38,67
1,1,0.068769031,3.489219741,35.14,34.48,101.38,72
1,1,0.056339738,3.437682903,35.02,34.25,101.38,73
1,1,0.122302193,3.780897982,35.55,35.86,101.35,1212
1,1,0.145807765,3.822463767,35.46,36.06,101.36,1326
1,1,0.169145119,4.103057247,34.43,36.85,101.35,1429
1,1,0.089452312,4.33580304,34.44,37.31,101.36,1494
1,1,0.166213938,3.829461095,34.54,36.04,101.35,1070
1,1,0.065649546,4.311687915,34.57,37.23,101.37,1184
1,1,0.141369796,4.016455138,33.87,36.48,101.38,1136
1,1,0.119246532,3.794987147,34.56,35.85,101.4,1169
1,1,0.197738235,3.570933864,33.91,35.26,101.39,1666
1,1,0.128435638,4.144293877,34.12,36.92,101.38,1303
1,1,0.16620326,4.346557211,34.58,37.73,101.38,1560
1,1,0.169641031,4.388434211,33.64,37.73,101.39,1680
1,1,0.180044167,3.866835621,33.45,36.15,101.36,1169
1,1,0.142633609,4.30349204,33.02,37.31,101.39,1547
1,1,0.098570533,3.68962645,32.83,35.24,101.36,768
1,1,0.107515957,4.040725461,34.37,36.66,101.39,1373
1,1,0.095759173,3.535750771,34.32,35.03,101.39,1161
1,1,0.109440749,3.569029859,34.39,35.2,101.39,993
1,1,0.099533026,4.61550261,32.85,38.09,101.39,1552
1,1,0.079626849,4.226381492,32.73,36.88,101.39,1125
1,1,0.114374014,4.312631209,32.17,37.17,101.36,1504
1,1,0.123825189,4.256876232,31.61,36.95,101.34,433
1,1,0.128991164,3.707985306,32.17,35.36,101.38,831
1,1,0.188375613,3.414582792,32.11,34.55,101.34,902
1,1,0.084670152,3.870881375,32.76,35.87,101.34,809
1,1,0.06389935,3.490650771,34.51,35.03,101.38,81
1,1,0.075979049,3.770903327,33.59,35.8,101.38,82
1,1,0.046515691,3.707242823,34.68,35.72,101.38,75
1,1,0.057436511,3.773575456,33.41,35.73,101.38,87
1,1,0.07298338,3.61024255,32.77,35.16,101.38,983
1,1,0.044611389,3.869146582,33.3,36,101.38,83
1,1,0.038466664,3.739749773,32.98,35.52,101.38,47
1,1,0.036409709,3.893176544,32.51,35.91,101.38,42
1,1,0.057231844,3.602279397,33.48,35.25,101.38,41
1,1,0.050166376,3.760971548,33.1,35.66,101.38,39
1,1,0.02011703,4.001547385,33,36.3,101.4,29
1,1,0.085533326,3.731439372,33.35,35.75,101.39,30
1,1,0.087709807,3.548651985,32.44,35.01,101.39,46
1,1,0.057323508,3.675088251,31.35,35.11,101.39,36
1,1,0.03696217,3.757436061,31.95,35.43,101.39,51
1,1,0.030073837,3.96428848,32.52,36.16,101.39,53
1,1,0.032639927,3.802334497,32.37,35.64,101.39,73
1,1,0.053519811,3.851920379,32.09,35.81,101.39,70
1,1,0.052700619,3.727071864,31.3,35.26,101.39,60
1,1,0.03706411,3.866934392,30.98,35.59,101.4,57
1,1,0.030495344,3.703827353,31.59,35.17,101.39,57
1,1,0.023644242,3.816105763,30.71,35.33,101.39,54
1,1,0.048190744,3.60608539,30.6,34.71,101.39,93
1,1,0.031064009,3.730040924,30.53,35.04,101.39,90
1,1,0.066121673,3.628248489,32.13,35.14,101.39,96
2,2,0.078013237,1.532450138,47.35,22.05,100.98,885
2,2,0.067554643,1.590155115,48.93,22.61,100.98,885
2,2,0.081274589,1.435387341,50.09,21.85,100.98,705
2,2,0.086872643,1.459664557,50.55,22.09,100.98,925
2,2,0.057915745,1.563937378,50.72,22.69,100.98,909
2,2,0.092864709,1.4184609,51.08,21.93,101,836
2,2,0.091419154,1.407045558,51.77,21.96,101,798
2,2,0.05288321,1.458958148,51.91,22.22,100.99,968
2,2,0.096856627,1.541170702,51.87,22.83,100.99,973
2,2,0.129211636,1.2684813,51.97,21.19,100.98,744
2,2,0.105239761,1.1127401,51.68,20.03,101,644
2,2,0.126635197,1.411877818,53.28,22.32,100.99,1002
2,2,0.10484727,1.199430083,53.63,20.97,100.99,470
2,2,0.08829934,1.196793592,52.52,20.76,100.99,685
2,2,0.11766412,1.146615462,52.47,20.48,100.98,607
2,2,0.099465258,1.146501037,53.19,20.58,100.97,616
2,2,0.119882948,1.108434858,53.37,20.4,100.98,817
2,2,0.212508175,1.033003976,53.22,20.02,100.99,699
2,2,0.186270603,0.984331739,53.67,19.7,100.98,641
2,2,0.248214181,1.111970184,52.89,20.61,100.98,714
2,2,0.227161345,0.971555455,53.08,19.59,100.99,793
2,2,0.088528803,1.170328938,53.67,20.85,100.98,856
2,2,0.095749357,1.201485023,53.57,21.07,100.96,851
2,2,0.174171335,1.047381276,54.84,20.39,100.95,724
2,2,0.124611165,0.987560549,56.11,20.11,100.98,224
2,2,0.037165924,0.926510749,56.23,19.57,100.99,94
2,2,0.043741308,0.952059213,56.32,19.79,101,50
2,2,0.071018596,0.937007969,55.49,19.6,101.01,30
2,2,0.039870124,0.938514715,55.6,19.58,101,47
2,2,0.03973544,0.951132788,55.8,19.71,101.01,43
2,2,0.052823671,0.92020454,55.49,19.47,101.01,64
2,2,0.031452853,0.922687555,56.11,19.56,101.01,46
2,2,0.050335583,0.90184354,56.22,19.47,101,59
2,2,0.034170093,0.936752788,56.3,19.71,101.01,49
2,2,0.028250459,0.906393504,56.46,19.52,101,58
2,2,0.023763054,0.900453555,56.92,19.56,101.01,82
2,2,0.048050226,0.933555347,56.83,19.84,101,52
2,2,0.056550111,0.893673504,56.47,19.52,101.01,45
2,2,0.043953118,0.933796277,56.5,19.8,101.02,39
2,2,0.038328498,0.915773602,56.91,19.74,101.01,34
2,2,0.036272013,0.960437184,56.28,19.95,101.01,38
2,2,0.043270597,0.942209617,56.41,19.87,101.01,22
2,2,0.031270397,0.935335347,56.6,19.84,101.01,23
2,2,0.037558697,0.94402633,56.63,19.93,101.01,44
2,2,0.051924644,0.97095033,55.33,19.93,101.01,46
2,2,0.022491482,0.934042602,56.01,19.74,101.01,53
2,2,0.043249064,0.951358707,55.15,19.76,101.01,27
2,2,0.054408903,0.932159156,55.14,19.65,101.01,56
2,2,0.032244936,0.945710259,54.9,19.67,101.01,55
2,2,0.044819731,0.890860426,55.15,19.35,101,50
2,2,0.155183496,1.69890841,52.18,25.53,101.03,1226
2,2,0.154507397,1.383746964,51.62,23.69,101.04,1038
2,2,0.090080328,1.695735158,51.98,25.4,101.04,1297
2,2,0.109778302,1.593815161,51.25,24.81,101.05,1064
2,2,0.162329012,1.422583049,51.04,23.93,101.03,708
2,2,0.121677076,1.68420241,52.47,25.53,101.06,911
2,2,0.253074482,1.335769873,53.17,23.99,101.05,1079
2,2,0.297071349,1.530925779,53.59,25.27,101.05,1110
2,2,0.238102928,1.290383353,53.97,23.85,101.04,654
2,2,0.35473105,1.473061713,54.67,25.24,101.06,1255
2,2,0.403664939,1.510840787,55,25.6,101.06,1190
2,2,0.283891075,1.730622357,54.91,26.57,101.06,1289
2,2,0.17414867,1.341546589,54.19,24.12,101.06,1147
2,2,0.37352949,1.386224983,53.67,24.66,101.07,1225
2,2,0.154575731,1.763648968,53.6,26.31,101.07,1228
2,2,0.112993776,1.704103365,54.59,26.07,101.06,1263
2,2,0.167495462,1.663521038,54.28,25.94,101.07,1268
2,2,0.146396551,1.591571661,52.3,25.22,101.05,1110
2,2,0.275043342,1.293454419,51.83,23.7,101.07,594
2,2,0.247425736,1.930581766,52.18,27.21,101.09,1400
2,2,0.253200586,1.966590074,52.68,27.48,101.09,1406
2,2,0.283390177,1.372065429,52.12,24.27,101.09,1248
2,2,0.315784664,1.493362419,52.2,25.05,101.09,1098
2,2,0.349735972,1.342976169,53.49,24.47,101.08,1253
2,2,0.120169927,1.752968238,50.63,25.91,101.08,1045
2,2,0.037913111,1.240910204,51.12,22.98,101.07,61
2,2,0.023442632,1.148397113,50.57,22.31,101.08,83
2,2,0.03468154,1.129136148,50.6,22.22,101.08,85
2,2,0.026165582,1.10879947,50.78,22.11,101.08,84
2,2,0.013003128,1.125573148,50.96,22.22,101.08,39
2,2,0.017425542,1.094344193,51.1,22.06,101.08,47
2,2,0.020100064,1.168778501,50.63,22.43,101.08,64
2,2,0.018256055,1.168877646,50.55,22.41,101.08,66
2,2,0.035700203,1.187978782,50.08,22.47,101.08,65
2,2,0.009350119,1.175194857,50.11,22.34,101.07,75
2,2,0.039427516,1.158528269,49.88,22.25,101.07,34
2,2,0.03894453,1.172121724,49.51,22.26,101.07,33
2,2,0.044621359,1.173994269,49.38,22.25,101.07,41
2,2,0.017650342,1.179620254,49.68,22.28,101.08,46
2,2,0.018027574,1.167410982,49.84,22.23,101.07,44
2,2,0.012043537,1.219441181,49.74,22.51,101.07,31
2,2,0.016625452,1.198856495,49.64,22.37,101.07,49
2,2,0.01265913,1.199765495,49.68,22.37,101.07,49
2,2,0.012878607,1.114137166,50.66,22.02,101.06,63
2,2,0.017639723,1.194157878,50.31,22.45,101.07,46
2,2,0.006151157,1.181118889,50.94,22.46,101.06,21
2,2,0.017826484,1.193379782,50.49,22.47,101.07,41
2,2,0.018929032,1.080265696,50.49,21.77,101.06,95
2,2,0.026341947,1.146357728,50.11,22.12,101.06,75
2,2,0.025127184,1.190021889,50.55,22.46,101.06,80
2,2,0.115297727,1.893661848,52.44,27.8,101.09,1222
2,2,0.226839457,1.401901819,50.84,25.29,101.08,640
2,2,0.153118449,2.013004356,51.09,28.29,101.1,1480
2,2,0.176865047,2.126092275,49.74,28.68,101.1,1454
2,2,0.092465517,1.906793973,49.19,27.39,101.09,852
2,2,0.062625357,2.142261431,49.04,28.4,101.07,1041
2,2,0.106293119,2.69010167,49.95,30.99,101.1,1728
2,2,0.173115554,1.934297957,50.51,27.97,101.09,1397
2,2,0.101082522,1.89428123,49.61,27.51,101.06,649
2,2,0.024260793,3.067776807,49.71,32.26,101.08,1708
2,2,0.128114401,2.868413978,48.77,31.71,101.09,1605
2,2,0.143559715,2.845980356,48.42,31.63,101.08,1617
2,2,0.145062377,1.888012025,48.36,27.49,101.08,1228
2,2,0.093684783,2.750774656,49.84,31.34,101.09,1539
2,2,0.134201174,2.217891914,49.29,29.16,101.09,1416
2,2,0.100070087,2.776677293,48.98,31.36,101.09,1661
2,2,0.34171215,1.519648777,48.57,26.08,101.09,1409
2,2,0.313985812,1.66348374,48.87,26.85,101.09,1454
2,2,0.268735814,1.861844552,49.02,27.79,101.09,1511
2,2,0.260304767,1.73873256,48.56,27.09,101.09,1257
2,2,0.163298915,2.367319764,47.56,29.66,101.09,1579
2,2,0.104152458,2.416420404,47.54,29.72,101.09,1446
2,2,0.306751196,1.872049241,46.95,27.6,101.07,1239
2,2,0.113071556,1.87116593,47.38,27.25,101.08,1087
2,2,0.090592793,1.80740582,48.3,27.05,101.08,840
2,2,0.04331529,1.516536122,48.43,25.51,101.1,147
2,2,0.034910981,1.536194552,48.43,25.59,101.1,149
2,2,0.028680186,1.455718474,48.53,25.17,101.11,150
2,2,0.00891107,1.54774433,48.41,25.58,101.11,76
2,2,0.006412171,1.593230025,48.4,25.8,101.11,48
2,2,0.018725034,1.525986036,49.12,25.61,101.11,63
2,2,0.04441814,1.474234028,48.99,25.37,101.1,83
2,2,0.030022575,1.575392378,48.95,25.85,101.1,44
2,2,0.008661357,1.542253587,49.27,25.69,101.1,41
2,2,0.014301276,1.526753507,49.48,25.66,101.1,66
2,2,0.01230737,1.58520905,49.53,25.96,101.1,112
2,2,0.020960719,1.538461507,49.09,25.66,101.1,74
2,2,0.019021258,1.361827835,48.79,24.67,101.1,112
2,2,0.026540603,1.353890703,49.21,24.72,101.1,106
2,2,0.024820752,1.405678779,49.32,25.01,101.09,716
2,2,0.026791196,1.414559676,49.39,25.07,101.1,660
2,2,0.019191203,1.393455951,49.2,24.9,101.09,77
2,2,0.01035968,1.410491707,49.15,24.96,101.1,76
2,2,0.018200523,1.428213707,48.59,24.96,101.09,96
2,2,0.020475893,1.493718631,48.09,25.21,101.09,103
2,2,0.014065664,1.428892121,49.04,25.03,101.09,102
2,2,0.026497705,1.46777352,48.63,25.18,101.08,78
2,2,0.022753364,1.487542561,48.19,25.19,101.08,421
2,2,0.018915054,1.505054799,48.25,25.28,101.08,83
2,2,0.033467469,1.479595553,47.64,25.06,101.08,95
2,2,0.093954801,2.854792186,44.92,31.62,101.08,1522
2,2,0.065985735,2.880153838,44.89,31.64,101.08,1587
2,2,0.034410805,3.316279211,46.41,33.38,101.11,1795
2,2,0.12682991,2.980455074,46.15,32.42,101.11,1647
2,2,0.16443581,2.392451772,44.94,30,101.11,1167
2,2,0.03261873,3.376439611,45.12,33.45,101.09,1630
2,2,0.117965594,3.118299088,45.08,32.8,101.11,1607
2,2,0.108798146,2.608700745,45.11,30.83,101.09,1297
2,2,0.108862435,2.65251492,44.48,30.92,101.09,1225
2,2,0.143596156,2.462648785,44.39,30.24,101.09,1077
2,2,0.135506883,2.40048278,44.38,29.97,101.1,936
2,2,0.163350304,2.023645003,45.09,28.51,101.11,528
2,2,0.165133897,2.354567217,45.1,29.99,101.11,731
2,2,0.133350865,2.505559763,44.7,30.49,101.12,1136
2,2,0.133541973,2.480341858,44.54,30.37,101.12,1382
2,2,0.161783726,2.403614056,44.77,30.17,101.12,1303
2,2,0.056827439,2.284288354,43.8,29.24,101.11,1540
2,2,0.040624639,3.425898866,44.95,33.76,101.11,1659
2,2,0.111015966,3.41374827,45.16,33.98,101.1,1637
2,2,0.118643204,3.277537035,45.83,33.63,101.11,1628
2,2,0.154669923,2.394698812,44.8,30.2,101.09,859
2,2,0.162535758,2.360897217,44.22,29.99,101.09,1021
2,2,0.198091121,2.283769543,44.62,29.84,101.1,1498
2,2,0.208460676,2.713605235,43.55,31.5,101.07,1398
2,2,0.141933903,2.844808707,43.78,31.89,101.1,1739
2,2,0.025638532,1.929550078,42.03,27.34,101.1,72
2,2,0.023735783,1.85840982,42.31,27.05,101.1,70
2,2,0.007798896,1.90301993,42.47,27.25,101.09,90
2,2,0.018067335,1.889399003,42.27,27.17,101.09,90
2,2,0.043204183,1.886148766,42.26,27.21,101.09,87
2,2,0.022271665,1.865890028,42.33,27.07,101.09,91
2,2,0.016680226,1.91441013,42.8,27.37,101.09,49
2,2,0.043645676,1.925416433,43.46,27.61,101.09,99
2,2,0.068131933,1.899574841,43.37,27.53,101.09,56
2,2,0.066288724,1.91424023,42.94,27.51,101.09,56
2,2,0.079646544,1.841422445,42.98,27.2,101.09,84
2,2,0.016234196,2.108026831,43,28.28,101.1,43
2,2,0.043340695,1.930479025,42.76,27.49,101.09,67
2,2,0.083296028,1.793300028,43.5,27.07,101.1,104
2,2,0.058913952,1.940329173,43.6,27.73,101.1,59
2,2,0.030369198,1.997582981,43.96,27.99,101.1,73
2,2,0.05476279,1.791819652,45.08,27.3,101.1,119
2,2,0.016983402,1.944839821,42.34,27.45,101.1,124
2,2,0.037993274,1.923601038,42.3,27.4,101.1,87
2,2,0.037441806,1.922226973,42.29,27.39,101.1,85
2,2,0.028333107,1.932298004,42.1,27.38,101.1,103
2,2,0.010836893,1.957162473,42.15,27.46,101.11,96
2,2,0.015348655,1.930265004,42.33,27.38,101.1,79
2,2,0.012620865,1.931505352,42.24,27.36,101.1,83
2,2,0.044389884,1.94100923,42.39,27.51,101.1,76
2,2,0.038470381,4.08127291,44.28,36.26,101.14,1771
2,2,0.034826733,4.216610227,44.72,36.72,101.14,1812
2,2,0.100793555,3.058220688,44.79,33.18,101.1,1401
2,2,0.112691744,2.994344289,45.02,33.03,101.1,1413
2,2,0.112940491,3.117397865,45.12,33.5,101.12,1373
2,2,0.029251831,3.732856864,44.7,35.26,101.1,1351
2,2,0.124374705,2.546172992,42.9,31.06,101.11,781
2,2,0.037157643,4.450888204,43.63,37.35,101.11,1869
2,2,0.086493211,3.151895033,44.15,33.46,101.1,1206
2,2,0.058203235,3.777204005,43.88,35.44,101.09,1602
2,2,0.066742232,3.815276659,43.51,35.55,101.11,1755
2,2,0.032314427,4.145542452,43.41,36.46,101.11,1746
2,2,0.038552609,4.750675742,42.92,38.18,101.11,1716
2,2,0.040611684,4.725746437,43.15,38.16,101.11,1901
2,2,0.092765211,3.678627729,43.2,35.21,101.11,1690
2,2,0.012963509,4.511910289,43.23,37.5,101.11,1836
2,2,0.030562366,5.298770828,42.98,39.68,101.11,1918
2,2,0.012793383,5.686553661,43.24,40.63,101.11,1808
2,2,0.033141973,4.300307583,43.5,37.13,101.11,1803
2,2,0.044910911,4.264489035,42.39,36.93,101.11,1921
2,2,0.097047916,2.579696215,41.65,31.27,101.1,796
2,2,0.109115846,3.054530962,42.44,33.23,101.11,1535
2,2,0.091432615,3.103384604,42.85,33.44,101.1,1436
2,2,0.027102777,4.144411682,41.27,36.4,101.1,1750
2,2,0.212773429,3.008301082,42.32,33.37,101.11,1670
2,2,0.042964301,2.495377647,42.61,31.04,101.11,98
2,2,0.042798173,2.563861498,41.73,31.15,101.11,77
2,2,0.035007572,2.56799567,40.87,30.99,101.11,60
2,2,0.049569218,2.449230352,40.93,30.57,101.12,97
2,2,0.035370192,2.459896242,41.33,30.65,101.11,117
2,2,0.024192811,2.40679694,41.61,30.46,101.11,81
2,2,0.03057391,2.46653598,41.19,30.64,101.11,80
2,2,0.048946064,2.257519552,42.09,30.01,101.11,151
2,2,0.048643207,2.385900204,41.86,30.5,101.1,268
2,2,0.035727053,2.254688584,41.84,29.93,101.1,158
2,2,0.019582978,2.405363816,42.23,30.58,101.11,60
2,2,0.020221277,2.382493763,42.22,30.49,101.11,62
2,2,0.013604248,2.418835763,41.54,30.49,101.11,54
2,2,0.036569725,2.349550826,41.27,30.22,101.11,70
2,2,0.039946359,2.376302506,40.92,30.27,101.11,68
2,2,0.021183199,2.386193632,41.45,30.36,101.11,48
2,2,0.031631791,2.338484162,42.12,30.32,101.11,68
2,2,0.027993295,2.399978976,42.5,30.63,101.11,217
2,2,0.073453357,2.342413037,42.57,30.53,101.11,62
2,2,0.060441859,2.279216772,41.28,30,101.12,82
2,2,0.079606988,2.284104709,39.99,29.82,101.11,84
2,2,0.063525408,2.467544841,39.93,30.52,101.12,85
2,2,0.103530441,2.162168199,39.93,29.34,101.11,221
2,2,0.014346236,2.293594964,40.28,29.74,101.11,103
2,2,0.014536664,2.291630892,40.49,29.77,101.11,84
2,2,0.01970915,3.651260729,42.59,35.21,101.06,824
2,2,0.048366114,4.148773247,42.51,36.85,101.07,1675
2,2,0.098394736,3.699586945,42,35.57,101.07,1561
2,2,0.040911462,4.386937204,41.22,37.37,101.07,1826
2,2,0.057358117,4.682029529,41.57,38.32,101.07,1913
2,2,0.095547654,2.999268814,41.02,33.07,101.08,765
2,2,0.021580837,4.261852904,41.5,37.01,101.07,1636
2,2,0.044911299,4.494715662,41.84,37.82,101.09,1666
2,2,0.039226542,4.371499868,41.7,37.44,101.08,1613
2,2,0.068360848,4.499971375,40.68,37.79,101.08,1980
2,2,0.059231708,4.982548046,41.06,39.15,101.09,1915
2,2,0.062656436,4.892338634,41.14,38.95,101.09,1968
2,2,0.187704873,3.077748397,41.31,33.77,101.09,1349
2,2,0.21440654,2.910938688,40.95,33.18,101.09,1241
2,2,0.049548018,3.816766456,40.58,35.73,101.06,1216
2,2,0.076959457,3.598199263,40.72,35.15,101.06,1367
2,2,0.167148932,3.263942508,40.68,34.3,101.09,1517
2,2,0.250462685,2.936203148,40.59,33.34,101.08,1369
2,2,0.232275215,3.210853262,40.53,34.29,101.09,1550
2,2,0.052071074,4.302336842,39.93,37.16,101.09,1862
2,2,0.048354119,4.483051474,39.88,37.67,101.1,1829
2,2,0.065279331,4.203749939,40.19,36.97,101.09,1737
2,2,0.203514233,3.305306518,40,34.5,101.1,1533
2,2,0.229556089,3.029058,40.24,33.64,101.1,1382
2,2,0.056431891,4.636099515,40.19,38.21,101.1,1715
2,2,0.061695772,2.619404739,39.69,31.66,101.1,133
2,2,0.049886463,2.652459739,39.18,31.66,101.1,128
2,2,0.055060942,2.774540686,38.88,32.08,101.11,103
2,2,0.032039414,2.761318225,39.85,32.15,101.1,105
2,2,0.049172247,2.640579577,40.7,31.91,101.11,119
2,2,0.060994197,2.615631978,39.97,31.71,101.11,108
2,2,0.048526967,2.713416724,38.88,31.84,101.1,117
2,2,0.016272893,2.713741141,39.48,31.87,101.1,131
2,2,0.020423551,2.717114479,39.5,31.9,101.1,130
2,2,0.023221649,2.678288939,39.12,31.69,101.1,50
2,2,0.018022186,2.704539594,39.14,31.78,101.1,47
2,2,0.011857148,2.712256898,39.34,31.83,101.1,58
2,2,0.027633899,2.722572327,41.33,32.31,101.11,109
2,2,0.048160637,2.709345618,39.65,32.01,101.1,75
2,2,0.024554929,2.711683694,38.67,31.77,101.1,42
2,2,0.023614829,2.702237939,38.45,31.69,101.1,40
2,2,0.015924391,2.732126301,38.03,31.7,101.11,81
2,2,0.034161389,2.630651633,38.56,31.47,101.1,104
2,2,0.046476194,2.878655197,39.68,32.64,101.09,87
2,2,0.035988407,2.703199833,39.56,31.94,101.09,60
2,2,0.072078744,2.613796356,39.2,31.63,101.09,62
2,2,0.018656851,2.783272833,38.25,31.94,101.09,61
2,2,0.04562937,2.676635939,38.64,31.69,101.09,70
2,2,0.065373594,2.580941372,39.07,31.46,101.09,147
2,2,0.033569739,2.537612667,40.82,31.55,101.09,66
3,3,-0.199444783,1.078579202,56.55,21.55,101.01,168
3,3,-0.183062086,1.137789166,56.95,22.02,101.01,303
3,3,-0.160788504,1.1135829,56.85,21.93,101.01,325
3,3,-0.12032159,1.200387464,55.8,22.38,101.02,277
3,3,-0.201058787,1.091943758,56.25,21.65,101.03,200
3,3,-0.195321187,1.142476138,56.72,22.05,101.03,204
3,3,-0.270056825,1.023806862,57.03,21.25,101.04,120
3,3,-0.227367241,1.071787522,56.18,21.49,101.04,133
3,3,-0.218673458,1.106324487,55.89,21.68,101.03,128
3,3,-0.257529938,1.051359483,56.07,21.31,101.04,116
3,3,-0.225827193,1.012722153,56.34,21.21,101.03,119
3,3,-0.211787988,1.080569558,55.57,21.52,101.03,341
3,3,-0.172747499,1.147379143,55.22,21.95,101.03,394
3,3,-0.201587326,1.09807788,55.81,21.71,101.03,372
3,3,-0.03350621,1.170920557,55.55,22.48,101.03,450
3,3,0.022102006,1.127852501,56.05,22.43,101.03,455
3,3,0.050777358,1.005789592,56.22,21.76,101.02,111
3,3,0.028109617,0.961380199,56.39,21.48,101.03,146
3,3,0.010038314,0.932752584,55.67,21.15,101.02,99
3,3,-0.000464847,0.940858584,55.43,21.15,101.02,158
3,3,0.021972762,1.043292143,55.96,21.95,101.03,119
3,3,0.016214249,1.067514166,55.51,22.02,101.03,232
3,3,0.031326158,1.02328088,55.12,21.71,101.03,251
3,3,-0.022056944,0.967468515,55.42,21.32,101.03,291
3,3,0.046943045,1.050446976,55.51,21.99,101.03,260
3,3,-0.041218557,0.906995503,55.3,20.89,101.03,88
3,3,-0.02992809,0.974775339,55.81,21.44,101.03,82
3,3,-0.020080535,0.871406854,55.47,20.73,101.03,66
3,3,-0.008958656,0.945634584,55.02,21.15,101.04,61
3,3,-0.064617116,0.942800145,54.88,21.01,101.03,57
3,3,0.044595554,0.990445083,54.58,21.46,101.04,48
3,3,-0.050632389,0.96208813,54.12,21.03,101.04,66
3,3,-0.053343915,0.92498113,54.58,20.88,101.03,74
3,3,-0.006538043,1.092446728,55.05,22.12,101.04,34
3,3,-0.042082162,1.029728483,55,21.66,101.03,32
3,3,-0.055485751,0.936760892,54.71,21,101.04,50
3,3,-0.045718936,1.040099897,54.84,21.7,101.05,55
3,3,-0.053611761,0.978534309,55.23,21.38,101.04,36
3,3,-0.015690513,1.003497246,55.06,21.59,101.03,64
3,3,-0.044249145,0.989797637,54.46,21.35,101.04,62
3,3,-0.077042871,0.980214339,55.52,21.44,101.03,125
3,3,-0.075714346,0.997112637,54.39,21.35,101.04,60
3,3,-0.001012738,1.030500946,54.57,21.74,101.04,40
3,3,-0.015237562,1.029529386,55.24,21.84,101.04,47
3,3,-0.060992808,0.989687083,54.91,21.46,101.04,39
3,3,-0.080322955,0.923908863,55.03,21.04,101.04,44
3,3,-0.072586957,0.989064246,55.65,21.59,101.03,41
3,3,-0.051568471,0.983295875,55.61,21.6,101.05,23
3,3,-0.014179128,1.009792591,56.15,21.94,101.04,26
3,3,-0.065435268,0.988151696,56.38,21.77,101.04,44
3,3,0.224230619,1.300809033,54.49,24.85,101.1,763
3,3,0.193353487,1.22170812,54.18,24.32,101.09,179
3,3,0.049479208,1.300169383,54.05,24.5,101.09,338
3,3,0.049799291,1.196419516,54.86,24.09,101.1,120
3,3,0.081352495,1.179516869,53.56,23.84,101.1,354
3,3,0.192116226,1.482125587,53.25,25.69,101.11,1231
3,3,0.147421995,1.210853591,53.1,24.1,101.1,235
3,3,0.182358073,1.175536772,55.19,24.37,101.1,255
3,3,0.165735628,1.218167719,54.43,24.51,101.07,682
3,3,0.214147507,1.489174702,55.37,26.26,101.1,1211
3,3,0.180897342,1.153337211,53.58,24.07,101.1,540
3,3,0.16548018,1.356599861,53.97,25.31,101.1,471
3,3,0.160263067,1.349934474,53.33,25.17,101.1,394
3,3,0.157969292,1.591412101,53.86,26.58,101.09,965
3,3,0.240407083,1.338691962,53.17,25.35,101.1,744
3,3,0.269822784,1.390661962,51.1,25.35,101.09,878
3,3,0.351054392,1.241491779,54.32,25.27,101.09,445
3,3,0.406711634,1.152239956,55.17,25.02,101.09,396
3,3,0.302655308,1.513435807,53.63,26.64,101.09,825
3,3,0.292436371,1.306616962,52.57,25.35,101.1,435
3,3,0.273759474,1.449435182,51.8,25.98,101.09,468
3,3,0.196772938,1.283824452,51.75,24.95,101.09,174
3,3,0.254416076,1.373695993,50.53,25.36,101.09,502
3,3,0.29130436,1.385211993,49.71,25.36,101.1,705
3,3,0.302840041,1.650745038,49.57,26.8,101.1,1130
3,3,0.198998569,1.325739121,50.33,25.03,101.11,67
3,3,0.251010008,1.356466861,50.32,25.31,101.11,66
3,3,0.256187098,1.184968032,50.29,24.35,101.11,78
3,3,0.204435339,1.246651301,50.25,24.62,101.11,43
3,3,0.201937429,1.207670132,49.88,24.33,101.11,82
3,3,0.207414904,1.29190566,49.13,24.68,101.11,84
3,3,0.128591131,1.276803733,49.57,24.55,101.11,56
3,3,0.274021737,1.292444707,49.88,24.96,101.1,114
3,3,0.177566729,1.252450289,49.98,24.6,101.09,57
3,3,0.187970015,1.209156067,49.63,24.31,101.09,68
3,3,0.231862087,1.13292948,49.93,24,101.09,142
3,3,0.164285531,1.399420861,49.45,25.31,101.09,56
3,3,0.177925365,1.244541772,48.88,24.37,101.08,70
3,3,0.235475391,1.201999212,48.48,24.15,101.09,78
3,3,0.234618775,1.220317102,48.89,24.34,101.1,44
3,3,0.250868032,1.113562964,48.65,23.69,101.1,60
3,3,0.164080842,1.196741513,49.05,24.13,101.1,84
3,3,0.168144169,1.154553513,50.22,24.13,101.1,122
3,3,0.248329723,1.118342387,50.67,24.14,101.1,103
3,3,0.224443204,1.086847564,49.77,23.74,101.1,87
3,3,0.193056931,1.234273639,49.19,24.44,101.09,56
3,3,0.242559911,1.225605834,48.23,24.29,101.11,54
3,3,0.176888338,1.310031159,47.77,24.58,101.11,88
3,3,0.135515089,1.367700161,47.67,24.81,101.11,43
3,3,0.128232226,1.378460703,46.96,24.72,101.11,37
3,3,0.144493751,1.934522794,45.97,28.65,101.13,1170
3,3,0.241676614,1.489103192,45.8,26.66,101.12,369
3,3,0.233776237,1.782911329,45.93,28.13,101.11,986
3,3,0.268283138,2.03506842,44.83,29.18,101.13,1083
3,3,0.232231396,2.00538356,44.19,28.86,101.14,1180
3,3,0.310939375,1.962188327,44.22,28.83,101.13,1159
3,3,0.256176426,2.15082737,45.22,29.76,101.14,1287
3,3,0.292999903,1.832069012,44.33,28.21,101.14,1178
3,3,0.331022676,1.716469301,43.43,27.54,101.14,1076
3,3,0.346644744,1.785809086,45.18,28.25,101.14,1158
3,3,0.186852456,2.148247356,42.3,29.09,101.11,1263
3,3,0.239794669,2.11199414,41.97,28.99,101.13,1450
3,3,0.302274765,1.987818347,41.6,28.48,101.13,1313
3,3,0.315416974,1.943497431,42.15,28.4,101.13,1283
3,3,0.211878576,1.887049072,41.8,27.85,101.12,950
3,3,0.249781961,2.129977914,42.31,29.16,101.13,1377
3,3,0.342267877,1.732739552,44.06,27.79,101.13,1174
3,3,0.280623134,2.162292404,44.22,29.72,101.13,1465
3,3,0.250719995,1.796960517,44.68,28.06,101.11,772
3,3,0.31113372,1.956878682,44.9,28.98,101.11,1219
3,3,0.310657529,2.091361404,45.61,29.72,101.15,1384
3,3,0.298671044,1.966182329,45.48,29.11,101.15,1230
3,3,0.284850677,2.070276472,45.27,29.52,101.14,1406
3,3,0.293026098,2.026133675,46.01,29.47,101.14,1369
3,3,0.320149341,2.007473139,43.99,29.08,101.14,1330
3,3,0.156480781,1.693385291,42,26.86,101.13,148
3,3,0.097227476,1.65020302,41.79,26.47,101.14,275
3,3,0.135795678,1.624351904,42.64,26.59,101.13,119
3,3,0.111843021,1.712658607,42.17,26.88,101.14,174
3,3,0.099883591,1.72955574,41.77,26.85,101.14,153
3,3,0.1210252,1.72173224,41.57,26.81,101.14,122
3,3,0.107241986,1.728812851,41.12,26.72,101.14,84
3,3,0.100502651,1.780234851,40.51,26.83,101.14,106
3,3,0.137119912,1.677158778,40.75,26.44,101.13,130
3,3,0.165674067,1.699037969,40.98,26.65,101.14,106
3,3,0.13145231,1.523669615,42.58,26.01,101.14,135
3,3,0.009076154,1.819257153,41.44,26.97,101.13,98
3,3,0.05376767,1.665971741,42.3,26.5,101.14,112
3,3,0.058058608,1.697266236,42.45,26.69,101.14,65
3,3,0.060331073,1.632686807,42.83,26.45,101.15,71
3,3,0.189443013,1.629328842,43.2,26.77,101.14,51
3,3,0.180146894,1.573741741,43.35,26.5,101.14,23
3,3,0.110930244,1.596100004,43.04,26.41,101.13,72
3,3,0.092472179,1.661186807,42.78,26.64,101.14,51
3,3,0.187327547,1.629744447,41.9,26.49,101.13,49
3,3,0.170871033,1.708225478,41.02,26.67,101.13,54
3,3,0.108174241,1.689593101,41.73,26.58,101.13,85
3,3,0.178189196,1.635168447,41.95,26.49,101.13,80
3,3,0.100942451,1.657841877,41.85,26.42,101.12,50
3,3,0.175492541,1.612600327,41.61,26.29,101.13,14
3,3,0.291049336,2.833669235,37.34,32.58,101.14,1755
3,3,0.301967156,2.808725782,37.43,32.53,101.14,1675
3,3,0.292171594,2.409097242,36.18,30.65,101.14,1578
3,3,0.296226182,2.236647182,35,29.67,101.13,477
3,3,0.354622105,2.208929182,35,29.67,101.14,1362
3,3,0.310185591,2.229874552,36.56,30.01,101.15,681
3,3,0.253259577,2.322827912,36.74,30.34,101.13,1174
3,3,0.264433879,2.216509816,36.73,29.91,101.13,1126
3,3,0.278797324,2.437402787,38.14,31.18,101.18,1165
3,3,0.329784451,2.12508278,38.21,29.97,101.17,1170
3,3,0.190288543,2.174539785,39.82,30.24,101.16,647
3,3,0.260418398,2.912247819,36.87,32.81,101.17,1771
3,3,0.309890586,2.626747739,36.06,31.66,101.17,1203
3,3,0.223386139,2.852548018,37.25,32.57,101.16,1816
3,3,0.281866145,2.429031618,36.82,30.94,101.16,1154
3,3,0.268608468,2.351446955,34.41,30.09,101.16,1205
3,3,0.25795295,2.149531448,34.51,29.19,101.14,902
3,3,0.293109976,2.269393964,34.2,29.74,101.16,1286
3,3,0.226029287,2.719544777,34.72,31.6,101.12,1552
3,3,0.445734064,2.74875094,34.53,32.21,101.13,1646
3,3,0.417488102,2.904728413,34.81,32.83,101.15,1818
3,3,0.402140528,2.285743248,33.99,30.04,101.14,508
3,3,0.418854166,2.268416799,33.7,29.94,101.14,958
3,3,0.266615551,3.190899278,34.58,33.52,101.15,1870
3,3,0.419136464,2.209210576,34.2,29.79,101.14,1011
3,3,0.381314639,2.076495199,35.18,29.34,101.13,81
3,3,0.429712756,2.029525434,34.9,29.15,101.15,75
3,3,0.461494326,1.914118431,33.81,28.4,101.14,72
3,3,0.451896153,2.11438455,35.19,29.64,101.14,78
3,3,0.44564172,2.183227815,34.92,29.88,101.15,58
3,3,0.31469806,2.066784028,35.83,29.28,101.15,56
3,3,0.411655361,2.04694655,37.06,29.64,101.15,60
3,3,0.43861767,1.972249636,36.52,29.22,101.15,48
3,3,0.340857241,2.050228346,34.52,28.95,101.15,96
3,3,0.416724864,1.911323093,34.72,28.47,101.14,88
3,3,0.344393998,1.888306552,35.66,28.43,101.14,76
3,3,0.434450758,2.01397186,36.5,29.37,101.14,97
3,3,0.374519096,1.945960001,35.94,28.81,101.14,75
3,3,0.452674184,1.911786301,36.52,28.91,101.13,45
3,3,0.525034762,1.883247448,37.91,29.19,101.13,116
3,3,0.391105219,1.901706123,35.92,28.6,101.14,102
3,3,0.357611938,2.070921136,35.08,29.14,101.14,119
3,3,0.390308118,1.940150794,35.41,28.65,101.14,79
3,3,0.243959724,1.993601001,36.33,28.81,101.13,82
3,3,0.436396237,1.868171612,35.41,28.37,101.13,152
3,3,0.253967558,2.236326061,35.61,29.75,101.13,62
3,3,0.417885061,1.94410956,36.21,28.86,101.13,78
3,3,0.430743183,1.95235402,37.21,29.13,101.13,77
3,3,0.249034942,2.081996444,37.42,29.41,101.13,93
3,3,0.332825962,2.02402242,36.82,29.18,101.12,95
3,3,0.257373062,2.83430957,32.78,32.36,101.11,1377
3,3,0.255745785,2.791426253,32.99,32.23,101.12,1235
3,3,0.226851813,2.992321898,33.1,32.95,101.11,1262
3,3,0.426116226,2.810698235,32.38,32.58,101.11,1631
3,3,0.382864967,2.806605074,32.15,32.42,101.1,1767
3,3,0.436807406,2.736567076,33.02,32.44,101.11,1694
3,3,0.15202688,3.960997683,34.03,36.23,101.12,1972
3,3,0.124313498,4.037008229,34.25,36.42,101.12,1815
3,3,0.179379566,3.46632341,33.95,34.69,101.11,1751
3,3,0.144532036,3.211832675,34.56,33.83,101.11,1302
3,3,0.350665391,3.044442698,32.68,33.4,101.11,1915
3,3,0.292415985,3.149645129,32.27,33.57,101.12,1935
3,3,0.412131414,3.039410009,32.18,33.43,101.13,1724
3,3,0.234075004,3.152033682,33.14,33.6,101.11,1492
3,3,0.076740001,2.922216272,33.34,32.37,101.13,663
3,3,0.404065111,3.014389033,32.84,33.46,101.14,1687
3,3,0.257916988,3.009290319,32.9,33.1,101.13,1825
3,3,0.152216553,4.075845496,33.07,36.47,101.13,1758
3,3,0.179230221,3.350951301,33.54,34.26,101.13,1824
3,3,0.415030567,3.146276105,33.25,34.08,101.13,1790
3,3,0.351085959,3.053746846,34.39,33.81,101.12,1875
3,3,0.370969025,2.542583632,33.32,31.65,101.12,1193
3,3,0.425740674,2.947846879,32.94,33.31,101.12,1801
3,3,0.269799377,3.024960289,32.36,33.12,101.12,1433
3,3,0.375824286,2.999661418,32.13,33.24,101.12,1821
3,3,0.206093875,2.771293577,31.99,31.91,101.12,138
3,3,0.267778725,2.568271787,31.69,31.18,101.1,111
3,3,0.213111561,2.507285355,31.38,30.72,101.1,91
3,3,0.205035328,2.333823897,33.77,30.51,101.12,40
3,3,0.209356288,2.14633178,34.86,29.97,101.12,42
3,3,0.166827789,2.412610368,34.31,30.86,101.13,35
3,3,0.130209151,2.444882884,33.4,30.69,101.13,629
3,3,0.14304539,2.544952868,33.98,31.25,101.12,82
3,3,0.172567389,2.602806282,33.01,31.33,101.12,75
3,3,0.109076866,2.628701684,32.87,31.23,101.13,35
3,3,0.070970483,2.40495515,33.27,30.31,101.12,27
3,3,0.210622074,2.49935027,31.78,30.71,101.13,66
3,3,0.146966943,2.546060583,31.54,30.68,101.13,56
3,3,0.281354601,2.363544378,31.87,30.3,101.13,45
3,3,0.075030915,2.687787895,31.51,31.03,101.14,143
3,3,0.181465334,2.358339356,32.1,30.08,101.14,159
3,3,0.16690856,2.447962632,31.86,30.36,101.13,153
3,3,0.222557789,2.410578162,31.79,30.32,101.13,266
3,3,0.235373783,2.42057394,32.12,30.46,101.12,107
3,3,0.201886699,2.392203783,31.44,30.1,101.13,127
3,3,0.191835629,2.547440189,31.56,30.75,101.13,121
3,3,0.103758904,2.564503189,32.3,30.75,101.13,77
3,3,0.160353126,2.494715231,32.36,30.62,101.13,92
3,3,0.144738983,2.65995368,31.5,31.05,101.12,93
3,3,0.261547667,2.467990572,31.21,30.48,101.12,112
3,3,0.087595564,4.553292263,35.35,38.27,101.09,1759
3,3,0.207588194,3.28926165,35.1,34.68,101.09,1575
3,3,0.098333724,4.014399071,35.15,36.71,101.09,1661
3,3,0.139211136,4.004999524,35.22,36.83,101.09,1877
3,3,0.239340939,3.37819902,33.57,34.8,101.07,1229
3,3,0.255482189,3.051389677,33.6,33.71,101.07,1262
3,3,0.227450029,3.191822127,32.91,34.01,101.1,1613
3,3,0.42510402,2.481292141,33.49,31.87,101.09,1419
3,3,0.37315471,2.60831615,35.77,32.77,101.09,1461
3,3,0.354617185,2.469962479,34.45,31.9,101.05,1122
3,3,0.184185908,3.159775301,35.22,34.26,101.08,1016
3,3,0.178121683,3.132448595,34.59,34.03,101.08,1202
3,3,0.175420196,2.936355254,34.02,33.21,101.07,465
3,3,0.084705254,3.414155783,33.57,34.54,101.07,1347
3,3,0.09970908,3.887712928,33.88,36.18,101.07,1377
3,3,0.119002562,3.535822433,33.61,35.07,101.07,1540
3,3,0.207654132,3.317951279,33.42,34.56,101.07,1658
3,3,0.233085336,3.40053302,32.81,34.8,101.07,488
3,3,0.222875089,2.959704705,32.53,33.15,101.07,1126
3,3,0.174667968,2.795297276,32.1,32.32,101.07,517
3,3,0.075090792,3.840334456,32.44,35.73,101.08,1360
3,3,0.204089703,2.97458063,32.48,33.17,101.07,310
3,3,0.102577196,3.323665756,32.26,34.09,101.07,902
3,3,0.152937824,3.904581634,32.1,36.13,101.07,1845
3,3,0.276836997,2.863939607,33.19,33.11,101.06,1098
3,3,0.259881244,2.764754066,33.42,32.75,101.08,203
3,3,0.300624723,2.676101548,33.58,32.54,101.08,97
3,3,0.248580626,2.791025741,32.87,32.72,101.08,85
3,3,0.107504781,2.777656222,33.01,32.34,101.08,61
3,3,0.117970581,2.982888969,33.17,33.16,101.08,80
3,3,0.149991011,2.854518477,32.96,32.73,101.08,81
3,3,0.151508285,3.119893206,32.92,33.69,101.07,68
3,3,0.248750836,2.723091327,32.2,32.31,101.08,70
3,3,0.153925827,2.887152117,32.05,32.66,101.07,76
3,3,0.046795196,2.838848426,32.32,32.24,101.07,57
3,3,0.136896159,2.913022962,34.5,33.23,101.07,76
3,3,0.064408227,2.925615607,34.66,33.11,101.07,73
3,3,0.144212391,2.97500363,33.08,33.17,101.08,73
3,3,0.250016055,2.662941574,33.39,32.33,101.08,96
3,3,0.116086034,2.798562763,34.23,32.69,101.08,80
3,3,0.082229014,2.903430733,33.35,32.79,101.08,52
3,3,0.132503854,2.687968965,33.36,32.12,101.08,48
3,3,0.067452448,3.098040879,32.74,33.31,101.09,43
3,3,0.069717049,2.883626676,32.77,32.55,101.09,52
3,3,0.211680639,2.749724476,32.19,32.29,101.09,84
3,3,0.256002876,2.588971577,32.84,31.91,101.09,126
3,3,0.152341832,2.812259492,32.33,32.4,101.1,142
3,3,0.150730552,2.662137353,32.25,31.8,101.09,49
3,3,0.124599617,2.641004632,32.27,31.65,101.09,54
3,3,0.114860296,2.652899852,32.64,31.75,101.09,50
4,4,0.011037115,1.651719676,43.75,22.77,100.78,617
4,4,0.061967173,1.608777716,45.28,22.88,100.76,855
4,4,0.036968544,1.714280417,45.31,23.44,100.75,863
4,4,0.041613314,1.448410386,45.26,21.84,100.76,843
4,4,0.029628885,1.332761023,45.28,21.07,100.75,442
4,4,0.055647976,1.209476658,47.01,20.6,100.76,329
4,4,0.054398431,1.339366384,46.26,21.33,100.75,507
4,4,0.02799079,1.721510385,46.19,23.58,100.77,949
4,4,0.039002447,1.64474301,46.99,23.28,100.76,906
4,4,0.040432347,1.337419483,46.45,21.31,100.74,640
4,4,0.035765954,1.124652617,46.5,19.87,100.78,28
4,4,0.03275547,1.116186707,46.3,19.76,100.79,29
4,4,0.039098188,1.109658213,46.71,19.79,100.78,29
4,4,0.037114232,1.049819057,47.31,19.46,100.78,30
4,4,0.03481699,1.070505504,46.89,19.52,100.78,31
4,4,0.067336261,1.078310504,46.35,19.52,100.78,21
4,4,0.057030763,1.06285185,46.35,19.38,100.78,23
4,4,0.061114349,1.073853812,46.14,19.42,100.78,18
4,4,0.03266223,1.041041904,47.2,19.31,100.78,20
4,4,0.037878736,1.073529156,47.69,19.63,100.77,24
4,4,0.038427453,1.599861133,44.78,22.42,100.78,941
4,4,0.087255305,1.823066516,46.3,24.09,100.78,1347
4,4,0.056433799,1.876441353,46.85,24.39,100.79,1252
4,4,0.050429458,1.284225572,46.41,20.72,100.79,273
4,4,0.08726728,1.540425756,46.63,22.5,100.77,870
4,4,0.034637534,1.540808501,46.91,22.43,100.76,829
4,4,0.0501042,1.688970326,46.9,23.36,100.76,1251
4,4,0.093253232,1.54169598,47.45,22.68,100.76,717
4,4,0.040222816,1.460137851,47.98,22.14,100.75,880
4,4,0.05644579,1.829041695,48.75,24.46,100.78,1113
4,4,0.071770697,1.147551918,47.96,20.18,100.8,24
4,4,0.063414352,1.089833213,48.15,19.79,100.8,29
4,4,0.052871432,1.143143316,48.48,20.2,100.79,18
4,4,0.038838103,1.1163177,49.49,20.16,100.8,11
4,4,0.037368228,1.088245792,49.48,19.96,100.8,11
4,4,0.035156756,1.077930077,49.35,19.86,100.8,11
4,4,0.039993958,1.040302156,49.5,19.63,100.8,11
4,4,0.032864308,1.061895788,49.18,19.71,100.79,11
4,4,0.033425586,1.062328122,49.73,19.81,100.79,12
4,4,0.038171797,1.094716641,49.51,20.01,100.79,15
4,4,0.043741701,1.705487851,48.92,23.67,100.8,890
4,4,0.085932879,1.703831125,48.31,23.72,100.76,846
4,4,0.080321485,1.855946104,48.85,24.65,100.77,310
4,4,0.053491467,1.683078564,49.68,23.74,100.78,936
4,4,0.09875722,1.623152417,49.05,23.44,100.77,782
4,4,0.09629037,1.64118475,48.71,23.51,100.76,830
4,4,0.122520669,2.050049025,48.28,25.8,100.79,1465
4,4,0.123074241,1.935985598,48.2,25.2,100.76,1250
4,4,0.143098486,1.710926591,48.85,24.1,100.83,1300
4,4,0.080746376,1.79087878,48.85,24.41,100.79,933
4,4,0.043214333,1.140593037,50.17,20.58,100.81,62
4,4,0.068280189,1.112280942,50.88,20.57,100.82,32
4,4,0.057681194,1.098390462,50.99,20.48,100.83,36
4,4,0.045658443,1.137179382,50.65,20.67,100.83,34
4,4,0.060467195,1.144923572,50.37,20.72,100.83,20
4,4,0.042646093,1.136068184,50.24,20.61,100.83,22
4,4,0.068463555,1.141755985,49.94,20.66,100.83,33
4,4,0.059790622,1.168334124,49.87,20.82,100.82,39
4,4,0.049304054,1.166427576,50.07,20.83,100.82,19
4,4,0.04669685,1.157775491,50.26,20.81,100.82,29
4,4,0.174511841,2.282108673,46.83,27.72,100.85,1776
4,4,0.115952949,1.924663123,47.19,25.86,100.83,1398
4,4,0.189200682,1.456532515,49.38,23.79,100.84,558
4,4,0.213109321,1.744387122,49.94,25.57,100.84,1344
4,4,0.178473468,1.817582101,50.47,25.97,100.84,1318
4,4,0.090325306,1.733945067,50.78,25.38,100.84,1147
4,4,0.198571049,1.972460048,49.76,26.75,100.84,1632
4,4,0.140397889,1.715718799,49.59,25.28,100.83,1284
4,4,0.124624992,2.292703021,50.73,28.3,100.81,1584
4,4,0.214742908,1.971455793,50.47,26.96,100.82,1450
4,4,0.16997218,1.625368779,50.2,25.01,100.83,869
4,4,0.171802431,1.704991028,49.61,25.37,100.82,695
4,4,0.15765132,1.708796819,48.98,25.29,100.82,1581
4,4,0.319740577,1.997328869,49.81,27.31,100.83,1774
4,4,0.098698776,2.233838246,49.39,27.9,100.83,1671
4,4,0.234483106,2.147287631,50.08,27.96,100.83,1757
4,4,0.188032775,2.335749251,49.94,28.73,100.83,1790
4,4,0.168646169,1.786801646,50.14,26.05,100.83,1418
4,4,0.186346707,2.446001491,49.87,29.25,100.84,1776
4,4,0.205889099,2.310692247,50.39,28.78,100.83,1728
4,4,0.263367446,2.444436955,50,29.5,100.83,1688
4,4,0.3591085,1.922880078,50.6,27.34,100.83,1712
4,4,0.192575761,2.193317021,50.46,28.3,100.82,1608
4,4,0.313920114,2.163175033,50.16,28.42,100.82,1662
4,4,0.259370441,2.163910329,48.78,28.13,100.81,1732
4,4,0.057313432,1.520922212,47.13,24.15,100.81,156
4,4,0.055016731,1.479513982,47.05,23.91,100.81,40
4,4,0.047413569,1.474870775,46.97,23.86,100.81,40
4,4,0.054074561,1.449519045,47.38,23.81,100.81,40
4,4,0.06402257,1.412700191,47.56,23.66,100.81,64
4,4,0.043200088,1.461995716,47.09,23.82,100.82,33
4,4,0.054806837,1.465292324,46.85,23.83,100.82,27
4,4,0.016884555,1.453974964,46.8,23.69,100.81,30
4,4,0.031420268,1.452690964,46.63,23.69,100.82,27
4,4,0.026727982,1.478019324,46.63,23.83,100.82,239
4,4,0.024817191,1.484135049,46.98,23.93,100.82,26
4,4,0.018205302,1.468373739,46.56,23.76,100.81,24
4,4,0.01325378,1.488515679,46.67,23.89,100.81,28
4,4,0.02016,1.470776353,46.88,23.85,100.8,133
4,4,0.025070446,1.436695442,46.91,23.68,100.81,29
4,4,0.02081287,1.461374125,46.39,23.72,100.8,33
4,4,0.019602794,1.495635679,46.24,23.89,100.81,27
4,4,0.023090913,1.476872684,45.98,23.75,100.81,28
4,4,0.031067991,1.488896438,46.2,23.88,100.81,29
4,4,0.0182553,1.490352137,46.24,23.87,100.81,32
4,4,0.020806936,1.479929775,46.44,23.86,100.82,32
4,4,0.017785473,1.477493353,46.48,23.85,100.82,34
4,4,0.015115279,1.452432515,46.93,23.79,100.82,33
4,4,0.017235792,1.448588378,46.66,23.73,100.82,25
4,4,0.020790364,1.458809312,46.66,23.8,100.82,24
4,4,0.305252366,2.288799181,46.2,28.71,100.85,1712
4,4,0.270127078,2.422868447,46.91,29.36,100.85,1807
4,4,0.241751114,2.398900237,45.8,29.06,100.85,1848
4,4,0.334341056,2.140466981,45.2,27.99,100.85,1331
4,4,0.277288883,2.249162408,45.03,28.38,100.86,1562
4,4,0.238274455,2.687531378,45.22,30.3,100.86,1808
4,4,0.262283179,2.599400552,45.28,30.01,100.85,1777
4,4,0.280424891,2.534740897,46.55,29.96,100.86,1834
4,4,0.28667733,2.165154112,46.12,28.24,100.86,1569
4,4,0.225894012,1.966626028,45.52,27.07,100.86,1348
4,4,0.068931372,1.770205396,45.31,25.71,100.85,57
4,4,0.056700175,1.74681933,45.36,25.58,100.84,60
4,4,0.062711943,1.772664281,45.28,25.73,100.83,36
4,4,0.066723193,1.756993182,45.16,25.65,100.83,30
4,4,0.046833123,1.776977245,45.36,25.75,100.83,47
4,4,0.073647293,1.756696758,45.57,25.76,100.84,67
4,4,0.054409831,1.749722587,45.57,25.69,100.84,58
4,4,0.070701007,1.780685512,45.5,25.89,100.84,43
4,4,0.062275565,1.759936982,45.06,25.7,100.83,50
4,4,0.040004313,1.781500294,45.35,25.82,100.83,94
4,4,0.245396959,2.944914978,44.46,31.96,100.82,1896
4,4,0.261648838,2.864711694,44.96,31.77,100.82,1897
4,4,0.276843247,2.926113141,43.45,31.87,100.83,1519
4,4,0.313412303,2.782194282,42.86,31.33,100.82,1910
4,4,0.295458382,2.915006045,43.76,31.97,100.82,1830
4,4,0.380248861,1.946891554,44.04,27.92,100.81,1508
4,4,0.288055835,2.362748997,42.62,29.49,100.81,844
4,4,0.28765687,2.897861978,42.07,31.71,100.81,1937
4,4,0.269380287,2.870594632,42.62,31.65,100.82,1935
4,4,0.300185116,2.45388892,41.8,29.87,100.81,1349
4,4,0.043230058,2.200474378,43.86,28.57,100.83,61
4,4,0.053577703,2.135108583,43.18,28.2,100.83,58
4,4,0.05330595,2.163191211,42.13,28.16,100.83,66
4,4,0.039908761,2.199927769,42.21,28.32,100.84,62
4,4,0.023656976,2.243008275,42.65,28.68,100.83,77
4,4,0.044758227,2.171797302,43.02,28.5,100.83,79
4,4,0.050848072,2.190210003,42.43,28.51,100.82,90
4,4,0.055326479,2.147329347,42.67,28.39,100.83,68
4,4,0.06160485,2.146329378,43.49,28.57,100.83,69
4,4,0.049204816,2.177748258,43.12,28.63,100.83,56
4,4,0.253142046,3.045957754,40.67,32.78,100.74,1827
4,4,0.236697564,3.276663682,40.57,33.6,100.74,1618
4,4,0.259003754,3.55840662,39.32,34.51,100.76,1893
4,4,0.232281758,3.565366859,39.16,34.46,100.76,1800
4,4,0.330918783,3.073290096,39.88,33.06,100.74,1702
4,4,0.198181678,3.649445656,39.23,34.7,100.75,1871
4,4,0.241484699,2.993088612,39.17,32.45,100.73,1675
4,4,0.28976868,3.221675033,39.1,33.46,100.73,1692
4,4,0.23999772,2.652340877,37.95,30.95,100.72,1295
4,4,0.16779365,3.577964508,38.08,34.3,100.77,1747
4,4,0.036113286,2.735998816,36.63,30.58,100.78,52
4,4,0.062190618,2.623688557,37.01,30.28,100.78,48
4,4,0.058651361,2.573891955,37.1,30.09,100.77,267
4,4,0.063028037,2.565193388,37.5,30.15,100.77,136
4,4,0.049263939,2.582905056,37.36,30.17,100.77,47
4,4,0.029386911,2.686032858,36.4,30.37,100.77,150
4,4,0.051424527,2.664480304,36.79,30.44,100.77,73
4,4,0.038001915,2.67946065,36.13,30.35,100.77,125
4,4,0.046595328,2.670590785,35.54,30.24,100.77,126
4,4,0.079255152,2.662488694,35.25,30.26,100.77,54